date,y_return_5,y_vol_5,label_start_5,label_end_5,risk_threshold_5,y_high_vol_5,split_5,y_return_20,y_vol_20,label_start_20,label_end_20,risk_threshold_20,y_high_vol_20,split_20
2019-01-02,0.0408163265306122,0.235298507643473,2019-01-03,2019-01-09,,,train,0.197959183673469,0.27295709585104,2019-01-03,2019-01-30,,,train
2019-01-03,0.0201207243460765,0.216746329625037,2019-01-04,2019-01-10,,,train,0.1841046277666,0.268425919685116,2019-01-04,2019-01-31,,,train
2019-01-04,-0.00391389432485314,0.0941609484589774,2019-01-07,2019-01-11,,,train,0.216242661448141,0.315967093971186,2019-01-07,2019-02-01,,,train
2019-01-07,-0.00388349514563107,0.0942884801011503,2019-01-08,2019-01-14,,,train,0.266019417475728,0.357755724483032,2019-01-08,2019-02-11,,,train
2019-01-08,-0.00389105058365767,0.0942963753571042,2019-01-09,2019-01-15,,,train,0.233463035019456,0.371236932488462,2019-01-09,2019-02-12,,,train
2019-01-09,0.00392156862745087,0.0762601025286705,2019-01-10,2019-01-16,,,train,0.223529411764706,0.374476499586192,2019-01-10,2019-02-13,,,train
2019-01-10,0.0128205128205127,0.0670273616588272,2019-01-11,2019-01-17,,,train,0.239644970414202,0.374759481181576,2019-01-11,2019-02-14,,,train
2019-01-11,0.037328094302554,0.206863054252159,2019-01-14,2019-01-18,,,train,0.225933202357564,0.375366424338079,2019-01-14,2019-02-15,,,train
2019-01-14,0.0389863547758286,0.210193399401569,2019-01-15,2019-01-21,,,train,0.224171539961014,0.375023120244175,2019-01-15,2019-02-18,,,train
2019-01-15,0.0273437500000001,0.229778128537653,2019-01-16,2019-01-22,,,train,0.232421875,0.375340563576373,2019-01-16,2019-02-19,,,train
2019-01-16,0.0292968750000002,0.230173424116721,2019-01-17,2019-01-23,,,train,0.2099609375,0.380976671682688,2019-01-17,2019-02-20,,,train
2019-01-17,0.0428432327166506,0.255834776718092,2019-01-18,2019-01-24,,,train,0.197663096397274,0.381713359659373,2019-01-18,2019-02-21,,,train
2019-01-18,0.0113636363636364,0.163606651007521,2019-01-21,2019-01-25,,,train,0.171401515151515,0.369243353435718,2019-01-21,2019-02-22,,,train
2019-01-21,0.0328330206378987,0.262608082849888,2019-01-22,2019-01-28,,,train,0.122889305816135,0.385791928533096,2019-01-22,2019-02-25,,,train
2019-01-22,0.0655893536121674,0.276564901402437,2019-01-23,2019-01-29,,,train,0.128326996197719,0.384083395405045,2019-01-23,2019-02-26,,,train
2019-01-23,0.113851992409867,0.428790751527117,2019-01-24,2019-01-30,,,train,0.125237191650854,0.384035871593918,2019-01-24,2019-02-27,,,train
2019-01-24,0.0989729225023343,0.413868126146406,2019-01-25,2019-01-31,,,train,0.138188608776844,0.39210735121515,2019-01-25,2019-02-28,,,train
2019-01-25,0.163857677902622,0.566493666519992,2019-01-28,2019-02-01,,,train,0.171348314606742,0.40262802052913,2019-01-28,2019-03-01,,,train
2019-01-28,0.184377838328792,0.624437383403373,2019-01-29,2019-02-11,,,train,0.127157129881926,0.388912137892064,2019-01-29,2019-03-04,,,train
2019-01-29,0.131132917038359,0.642720390781464,2019-01-30,2019-02-12,,,train,0.111507582515611,0.383891817446839,2019-01-30,2019-03-05,,,train
2019-01-30,0.0630323679727429,0.564157493938368,2019-01-31,2019-02-13,,,train,0.0400340715502557,0.354485859161446,2019-01-31,2019-03-06,,,train
2019-01-31,0.0679694137638065,0.566169364159401,2019-02-01,2019-02-14,,,train,0.0594732370433306,0.362176909163228,2019-02-01,2019-03-07,,,train
2019-02-01,0.00402252614642011,0.41608325657941,2019-02-11,2019-02-15,,,train,-0.0136765888978277,0.311930098646332,2019-02-11,2019-03-08,,,train
2019-02-11,-0.0368098159509202,0.243932463499586,2019-02-12,2019-02-18,,,train,-0.0828220858895706,0.275887212916888,2019-02-12,2019-03-11,,,train
2019-02-12,-0.00473186119873822,0.145418433821282,2019-02-13,2019-02-19,,,train,-0.0339116719242903,0.271054953425266,2019-02-13,2019-03-12,,,train
2019-02-13,-0.00721153846153853,0.159555337529178,2019-02-14,2019-02-20,,,train,-0.0328525641025641,0.270271964282812,2019-02-14,2019-03-13,,,train
2019-02-14,-0.0214797136038187,0.159794705916032,2019-02-15,2019-02-21,,,train,-0.00318217979315829,0.30003883522288,2019-02-15,2019-03-14,,,train
2019-02-15,-0.00881410256410271,0.156700763747113,2019-02-18,2019-02-22,,,train,0.00480769230769238,0.298966113453201,2019-02-18,2019-03-15,,,train
2019-02-18,-0.0469745222929938,0.27740503017505,2019-02-19,2019-02-25,,,train,0.00716560509554152,0.299712157467106,2019-02-19,2019-03-18,,,train
2019-02-19,-0.0594294770206023,0.281702062815346,2019-02-20,2019-02-26,,,train,0.00792393026941377,0.299874814634911,2019-02-20,2019-03-19,,,train
2019-02-20,-0.0427764326069411,0.249682018550681,2019-02-21,2019-02-27,,,train,-0.0242130750605325,0.343764898995551,2019-02-21,2019-03-20,,,train
2019-02-21,-0.00894308943089433,0.31244803842632,2019-02-22,2019-02-28,,,train,-0.00487804878048768,0.345572517672196,2019-02-22,2019-03-21,,,train
2019-02-22,0.011317704122878,0.360335693054271,2019-02-25,2019-03-01,,,train,-0.00485044462409036,0.345578271277377,2019-02-25,2019-03-22,,,train
2019-02-25,0.0367585630743526,0.280413909590901,2019-02-26,2019-03-04,,,train,0.0208855472013368,0.326326132033174,2019-02-26,2019-03-25,,,train
2019-02-26,0.0497051390058973,0.275498886013744,2019-02-27,2019-03-05,,,train,0.0261162594776749,0.325172873053096,2019-02-27,2019-03-26,,,train
2019-02-27,0.0295109612141653,0.310754249034991,2019-02-28,2019-03-06,,,train,0.0354131534569985,0.326451918507383,2019-02-28,2019-03-27,,,train
2019-02-28,0.0229696472518458,0.284574384750647,2019-03-01,2019-03-07,,,train,-0.00410172272354373,0.314224512466989,2019-03-01,2019-03-28,,,train
2019-03-01,-0.0199840127897682,0.248353232941477,2019-03-04,2019-03-08,,,train,0.0103916866506795,0.332869166234753,2019-03-04,2019-03-29,,,train
2019-03-04,-0.0362610797743755,0.298942233210269,2019-03-05,2019-03-11,,,train,0.0475423045930701,0.34630523640189,2019-03-05,2019-04-01,,,train
2019-03-05,-0.0168539325842697,0.342754929681869,2019-03-06,2019-03-12,,,train,0.0634028892455858,0.352555397237373,2019-03-06,2019-04-02,,,train
2019-03-06,-0.0114660114660114,0.328360349759625,2019-03-07,2019-03-13,,,train,0.131040131040131,0.375113754629558,2019-03-07,2019-04-03,,,train
2019-03-07,0.00481154771451493,0.394908223966219,2019-03-08,2019-03-14,,,train,0.102646351242983,0.367906578751915,2019-03-08,2019-04-04,,,train
2019-03-08,0.0228384991843395,0.376093975773257,2019-03-11,2019-03-15,,,train,0.168934775764861,0.391551388910668,2019-03-11,2019-04-08,,,train
2019-03-11,0.0576923076923079,0.338167915508157,2019-03-12,2019-03-18,,,train,0.188171096637916,0.382725979830668,2019-03-12,2019-04-09,,,train
2019-03-12,0.0383673469387757,0.294894875504526,2019-03-13,2019-03-19,,,train,0.165413533834586,0.373517948632657,2019-03-13,2019-04-10,,,train
2019-03-13,0.00165700082850049,0.453836303253252,2019-03-14,2019-03-20,,,train,0.189152458611317,0.370293028601087,2019-03-14,2019-04-11,,,train
2019-03-14,-0.0231444533120511,0.37831547331874,2019-03-15,2019-03-21,,,train,0.143746237101133,0.345715827229815,2019-03-15,2019-04-12,,,train
2019-03-15,-0.0183413078149921,0.380433368281387,2019-03-18,2019-03-22,,,train,0.14195976384342,0.345714905358536,2019-03-18,2019-04-15,,,train
2019-03-18,-0.0339920948616602,0.378944612341964,2019-03-19,2019-03-25,,,train,0.0964912280701753,0.362459797169143,2019-03-19,2019-04-16,,,train
2019-03-19,-0.0424528301886793,0.377632127689836,2019-03-20,2019-03-26,,,train,0.0706305858987089,0.367744086605477,2019-03-20,2019-04-17,,,train
2019-03-20,0.0157154673283706,0.126203437554061,2019-03-21,2019-03-27,,,train,0.124606387764282,0.320556316065091,2019-03-21,2019-04-18,,,train
2019-03-21,-0.00816993464052288,0.122026610932707,2019-03-22,2019-03-28,,,train,0.113511925237931,0.317669908221041,2019-03-22,2019-04-19,,,train
2019-03-22,0.0268074735987002,0.308791147366532,2019-03-25,2019-03-29,,,train,,,2019-03-25,2019-04-22,,,unlabeled
2019-03-25,0.0638297872340425,0.363849213189473,2019-03-26,2019-04-01,,,train,,,2019-03-26,2019-04-23,,,unlabeled
2019-03-26,0.0878489326765188,0.387467778274792,2019-03-27,2019-04-02,,,train,,,2019-03-27,2019-04-24,,,unlabeled
2019-03-27,0.124592833876221,0.482831335513587,2019-03-28,2019-04-03,,,train,,,2019-03-28,2019-04-25,,,unlabeled
2019-03-28,0.132619439868204,0.476922851488055,2019-03-29,2019-04-04,,,train,,,2019-03-29,2019-04-26,,,unlabeled
2019-03-29,0.133792749278259,0.481374866008494,2019-04-01,2019-04-08,,,train,,,2019-04-01,2019-04-29,,,unlabeled
2019-04-01,0.0931174089068827,0.442237373260838,2019-04-02,2019-04-09,,,train,,,2019-04-02,2019-04-30,,,unlabeled
2019-04-02,0.0774577954319762,0.422329659317704,2019-04-03,2019-04-10,,,train,,,2019-04-03,2019-05-06,,,unlabeled
2019-04-03,0.0393244153105428,0.305690876159867,2019-04-04,2019-04-11,,,train,,,2019-04-04,2019-05-07,,,unlabeled
2019-04-04,0.0422647527910686,0.304317655401687,2019-04-08,2019-04-12,,,train,,,2019-04-08,2019-05-08,,,unlabeled
2019-04-08,-0.000765110941086479,0.0791953352773425,2019-04-09,2019-04-15,,,train,,,2019-04-09,2019-05-09,,,unlabeled
2019-04-09,-0.0239197530864198,0.232269788791695,2019-04-10,2019-04-16,,,train,,,2019-04-10,2019-05-10,,,unlabeled
2019-04-10,-0.0460829493087557,0.264278657346789,2019-04-11,2019-04-17,,,train,,,2019-04-11,2019-05-13,,,unlabeled
2019-04-11,-0.0527119938884644,0.261772972449805,2019-04-12,2019-04-18,,,train,,,2019-04-12,2019-05-14,,,unlabeled
2019-04-12,-0.0489671002295333,0.262109799359465,2019-04-15,2019-04-19,,,train,,,2019-04-15,2019-05-15,,,unlabeled
2019-04-15,,,2019-04-16,2019-04-22,,,unlabeled,,,2019-04-16,2019-05-16,,,unlabeled
2019-04-16,,,2019-04-17,2019-04-23,,,unlabeled,,,2019-04-17,2019-05-17,,,unlabeled
2019-04-17,,,2019-04-18,2019-04-24,,,unlabeled,,,2019-04-18,2019-05-20,,,unlabeled
2019-04-18,,,2019-04-19,2019-04-25,,,unlabeled,,,2019-04-19,2019-05-21,,,unlabeled
2019-04-19,,,2019-04-22,2019-04-26,,,unlabeled,,,2019-04-22,2019-05-22,,,unlabeled
2019-04-22,,,2019-04-23,2019-04-29,,,unlabeled,,,2019-04-23,2019-05-23,,,unlabeled
2019-04-23,0.0166931637519872,0.222707376001183,2019-04-24,2019-04-30,,,train,0.163751987281399,0.262340991956969,2019-04-24,2019-05-24,,,train
2019-04-24,0.0306946688206784,0.192177456127328,2019-04-25,2019-05-06,,,train,0.229402261712439,0.290872753340525,2019-04-25,2019-05-27,,,train
2019-04-25,0.0584415584415584,0.243904010815112,2019-04-26,2019-05-07,,,train,0.228084415584415,0.291123272343505,2019-04-26,2019-05-28,,,train
2019-04-26,0.0396119644300727,0.261533829307921,2019-04-29,2019-05-08,,,train,0.209377526273242,0.293521434065279,2019-04-29,2019-05-29,,,train
2019-04-29,0.0165615141955834,0.19441202632589,2019-04-30,2019-05-09,,,train,0.162460567823344,0.284957854150394,2019-04-30,2019-05-30,,,train
2019-04-30,0.0250195465207192,0.22016016876336,2019-05-06,2019-05-10,,,train,0.136825645035184,0.287423891176281,2019-05-06,2019-05-31,,,train
2019-05-06,0.0242946708463949,0.220597328161792,2019-05-07,2019-05-13,,,train,0.11128526645768,0.300770295552728,2019-05-07,2019-06-03,,,train
2019-05-07,-0.0115030674846627,0.186035440248755,2019-05-08,2019-05-14,,,train,0.105061349693251,0.296290512548328,2019-05-08,2019-06-04,,,train
2019-05-08,0.0264385692068428,0.230946595702525,2019-05-09,2019-05-15,,,train,0.118973561430793,0.292195113312105,2019-05-09,2019-06-05,,,train
2019-05-09,0.055857253685027,0.316572563704317,2019-05-10,2019-05-16,,,train,0.105508145849496,0.294132469936246,2019-05-10,2019-06-06,,,train
2019-05-10,0.0785659801678108,0.399174226244296,2019-05-13,2019-05-17,,,train,0.112890922959573,0.299851130052136,2019-05-13,2019-06-10,,,train
2019-05-13,0.088752869166029,0.401121349795493,2019-05-14,2019-05-20,,,train,0.163733741392502,0.334089295110471,2019-05-14,2019-06-11,,,train
2019-05-14,0.112490302560124,0.39267580304689,2019-05-15,2019-05-21,,,train,0.185415050426687,0.330844616695855,2019-05-15,2019-06-12,,,train
2019-05-15,0.103030303030303,0.370692129365505,2019-05-16,2019-05-22,,,train,0.184090909090909,0.329855365450284,2019-05-16,2019-06-13,,,train
2019-05-16,0.0705363703159443,0.30046782710261,2019-05-17,2019-05-23,,,train,0.151359294636297,0.311605519124897,2019-05-17,2019-06-14,,,train
2019-05-17,0.0353606789250353,0.133723767935581,2019-05-20,2019-05-24,,,train,0.0869872701555868,0.288820111854743,2019-05-20,2019-06-17,,,train
2019-05-20,0.0695713281799017,0.303206433714953,2019-05-21,2019-05-27,,,train,0.104708362614195,0.29882735555098,2019-05-21,2019-06-18,,,train
2019-05-21,0.0550906555090656,0.301194955105819,2019-05-22,2019-05-28,,,train,0.124825662482566,0.311293047560121,2019-05-22,2019-06-19,,,train
2019-05-22,0.0274725274725275,0.292353211561578,2019-05-23,2019-05-29,,,train,0.141483516483516,0.324448210775779,2019-05-23,2019-06-20,,,train
2019-05-23,0.0116678105696637,0.310658615482915,2019-05-24,2019-05-30,,,train,0.125600549073438,0.327868960876579,2019-05-24,2019-06-21,,,train
2019-05-24,-0.00683060109289613,0.323662422837633,2019-05-27,2019-05-31,,,train,0.111338797814207,0.328643650584511,2019-05-27,2019-06-24,,,train
2019-05-27,-0.0683311432325888,0.24567340687889,2019-05-28,2019-06-03,,,train,0.0492772667542704,0.305533362253433,2019-05-28,2019-06-25,,,train
2019-05-28,-0.0475875743555849,0.267638560368905,2019-05-29,2019-06-04,,,train,0.0627891606080631,0.305779543589167,2019-05-29,2019-06-26,,,train
2019-05-29,-0.0381016042780749,0.255524072884356,2019-05-30,2019-06-05,,,train,0.0982620320855612,0.312625055061155,2019-05-30,2019-06-27,,,train
2019-05-30,-0.0332428765264586,0.242997450388551,2019-05-31,2019-06-06,,,train,0.137720488466757,0.316630825039923,2019-05-31,2019-06-28,,,train
2019-05-31,0.00343878954607973,0.278681409154654,2019-06-03,2019-06-10,,,train,0.200825309491059,0.344076050160928,2019-06-03,2019-07-01,,,train
2019-06-03,0.0726375176304653,0.365068112650593,2019-06-04,2019-06-11,,,train,0.269393511988716,0.349511635820645,2019-06-04,2019-07-02,,,train
2019-06-04,0.0603747397640525,0.348266500413768,2019-06-05,2019-06-12,,,train,0.260929909784871,0.346424312156233,2019-06-05,2019-07-03,,,train
2019-06-05,0.0861709520500345,0.383461395133917,2019-06-06,2019-06-13,,,train,0.206393328700486,0.382346807200324,2019-06-06,2019-07-04,,,train
2019-06-06,0.0996491228070173,0.377563963857153,2019-06-10,2019-06-14,,,train,0.164210526315789,0.413424062565331,2019-06-10,2019-07-05,,,train
2019-06-10,0.0534612748457847,0.365192401578545,2019-06-11,2019-06-17,,,train,0.180260452364633,0.425931154986796,2019-06-11,2019-07-08,,,train
2019-06-11,0.0335305719921104,0.267631953500474,2019-06-12,2019-06-18,,,train,0.157790927021696,0.407325827057504,2019-06-12,2019-07-09,,,train
2019-06-12,0.0556282722513089,0.322451687154962,2019-06-13,2019-06-19,,,train,0.153141361256544,0.407004592116836,2019-06-13,2019-07-10,,,train
2019-06-13,0.0633397312859885,0.351085420105404,2019-06-14,2019-06-20,,,train,0.108765195137556,0.403311717796298,2019-06-14,2019-07-11,,,train
2019-06-14,0.0465858328015315,0.363154428518402,2019-06-17,2019-06-21,,,train,0.114231014677728,0.404081390536312,2019-06-17,2019-07-12,,,train
2019-06-17,0.058555627846454,0.34094048504365,2019-06-18,2019-06-24,,,train,0.164606376057254,0.407894901884248,2019-06-18,2019-07-15,,,train
2019-06-18,0.0159033078880407,0.32885487611304,2019-06-19,2019-06-25,,,train,0.151399491094147,0.401927708835241,2019-06-19,2019-07-16,,,train
2019-06-19,-0.00309981401115938,0.277685923760143,2019-06-20,2019-06-26,,,train,0.115313081215127,0.391996668955653,2019-06-20,2019-07-17,,,train
2019-06-20,-0.0114320096269556,0.235247815326544,2019-06-21,2019-06-27,,,train,0.0697954271961488,0.379624164863753,2019-06-21,2019-07-18,,,train
2019-06-21,0.022560975609756,0.259878569355883,2019-06-24,2019-06-28,,,train,0.117073170731707,0.391351628426432,2019-06-24,2019-07-19,,,train
2019-06-24,0.0731407498463428,0.382471019629532,2019-06-25,2019-07-01,,,train,0.087891825445605,0.409015038839132,2019-06-25,2019-07-22,,,train
2019-06-25,0.127113337507827,0.419030327475259,2019-06-26,2019-07-02,,,train,0.102066374452097,0.404145438066452,2019-06-26,2019-07-23,,,train
2019-06-26,0.129975124378109,0.421503378512699,2019-06-27,2019-07-03,,,train,0.069651741293532,0.41158129992884,2019-06-27,2019-07-24,,,train
2019-06-27,0.0566037735849054,0.509029641102144,2019-06-28,2019-07-04,,,train,0.0608642726719412,0.407161371547432,2019-06-28,2019-07-25,,,train
2019-06-28,-0.0107334525939179,0.584555613663558,2019-07-01,2019-07-05,,,train,0.0638044126416216,0.409029875686837,2019-07-01,2019-07-26,,,train
2019-07-01,-0.0137457044673541,0.574264233419238,2019-07-02,2019-07-08,,,train,0.0137457044673537,0.384190952336757,2019-07-02,2019-07-29,,,train
2019-07-02,-0.0216666666666668,0.555246350848425,2019-07-03,2019-07-09,,,train,0.00666666666666657,0.3779452647206,2019-07-03,2019-07-30,,,train
2019-07-03,-0.030269675288938,0.551236148230088,2019-07-04,2019-07-10,,,train,-0.0137389692152783,0.378517812928955,2019-07-04,2019-07-31,,,train
2019-07-04,-0.00172811059907846,0.461440878661745,2019-07-05,2019-07-11,,,train,0.0113086900555803,0.349827909367396,2019-07-05,2019-08-01,,,train
2019-07-05,0.0524412296564194,0.334669696092239,2019-07-08,2019-07-12,,,train,0.0256856198265748,0.329774994051537,2019-07-08,2019-08-02,,,train
2019-07-08,0.0394889663182344,0.270571799989953,2019-07-09,2019-07-15,,,train,-0.0595766877953939,0.349485499683375,2019-07-09,2019-08-05,,,train
2019-07-09,0.0278250993753549,0.232708138019166,2019-07-10,2019-07-16,,,train,-0.07506892146872,0.340943000087193,2019-07-10,2019-08-06,,,train
2019-07-10,0.0209988649262203,0.236663669416376,2019-07-11,2019-07-17,,,train,-0.119581457175792,0.382345148435481,2019-07-11,2019-08-07,,,train
2019-07-11,0.0259665320253896,0.221534718627565,2019-07-12,2019-07-18,,,train,-0.104848544456864,0.377779872014474,2019-07-12,2019-08-08,,,train
2019-07-12,0.0492554410080184,0.302288680783071,2019-07-15,2019-07-19,,,train,-0.140434686746263,0.394730874930236,2019-07-15,2019-08-09,,,train
2019-07-15,-0.0111731843575418,0.346266686811573,2019-07-16,2019-07-22,,,train,-0.162219719982476,0.384727805405538,2019-07-16,2019-08-12,,,train
2019-07-16,-0.0276243093922651,0.339552849295712,2019-07-17,2019-07-23,,,train,-0.185750654354185,0.387640341273964,2019-07-17,2019-08-13,,,train
2019-07-17,-0.0439132851584213,0.374246688922783,2019-07-18,2019-07-24,,,train,-0.175549749140536,0.387692619032923,2019-07-18,2019-08-14,,,train
2019-07-18,-0.0196850393700788,0.376835558756664,2019-07-19,2019-07-25,,,train,-0.183645142218532,0.39300409779193,2019-07-19,2019-08-15,,,train
2019-07-19,-0.0262008733624455,0.352326892728809,2019-07-22,2019-07-26,,,train,-0.196810783733837,0.381476723368428,2019-07-22,2019-08-16,,,train
2019-07-22,-2.77555756156289e-17,0.259849233787295,2019-07-23,2019-07-29,,,train,-0.181282335753595,0.365418909359649,2019-07-23,2019-08-19,,,train
2019-07-23,0.0295454545454545,0.305978377345885,2019-07-24,2019-07-30,,,train,-0.187306310021799,0.367794198127537,2019-07-24,2019-08-20,,,train
2019-07-24,0.0418815656603717,0.270502072286412,2019-07-25,2019-07-31,,,train,-0.195033836229634,0.376772723955049,2019-07-25,2019-08-21,,,train
2019-07-25,0.00724720937262622,0.292417356339336,2019-07-26,2019-08-01,,,train,-0.191507256690869,0.379027420193597,2019-07-26,2019-08-22,,,train
2019-07-26,-0.0461813658675516,0.327856211554376,2019-07-29,2019-08-02,,,train,-0.192973329574616,0.377676950355058,2019-07-29,2019-08-23,,,train
2019-07-29,-0.0850796928721288,0.477419224906832,2019-07-30,2019-08-05,,,train,-0.212465261377242,0.393733181078793,2019-07-30,2019-08-26,,,train
2019-07-30,-0.101101749837978,0.449328982890508,2019-07-31,2019-08-06,,,train,-0.240440699935191,0.387471159093641,2019-07-31,2019-08-27,,,train
2019-07-31,-0.134338138925295,0.561702414474129,2019-08-01,2019-08-07,,,train,-0.229357798165138,0.385660073154633,2019-08-01,2019-08-28,,,train
2019-08-01,-0.116387959866221,0.542475756700484,2019-08-02,2019-08-08,,,train,-0.224080267558528,0.381825579439225,2019-08-02,2019-08-29,,,train
2019-08-02,-0.118012422360248,0.547948421996508,2019-08-05,2019-08-09,,,train,-0.161490683229814,0.400652804421423,2019-08-05,2019-08-30,,,train
2019-08-05,-0.0739666424945613,0.420369573117152,2019-08-06,2019-08-12,,,train,-0.0862944162436548,0.382486019582218,2019-08-06,2019-09-02,,,train
2019-08-06,-0.0951694304253786,0.43617049074703,2019-08-07,2019-08-13,,,train,-0.0807498197548668,0.384237729428802,2019-08-07,2019-09-03,,,train
2019-08-07,-0.0439061317183952,0.269222416792237,2019-08-08,2019-08-14,,,train,-0.0242240726722182,0.345241282969591,2019-08-08,2019-09-04,,,train
2019-08-08,-0.0643451930355792,0.309864467606889,2019-08-09,2019-08-15,,,train,-0.0204390613171842,0.34551468275746,2019-08-09,2019-09-05,,,train
2019-08-09,-0.0195618153364632,0.224112815172314,2019-08-12,2019-08-16,,,train,-0.0156494522691707,0.340018436384914,2019-08-12,2019-09-06,,,train
2019-08-12,-0.033672670321065,0.248922876926169,2019-08-13,2019-08-19,,,train,0.0266249021143302,0.370219161475644,2019-08-13,2019-09-09,,,train
2019-08-13,-0.0294820717131475,0.235215410715298,2019-08-14,2019-08-20,,,train,0.0446215139442229,0.365043956297411,2019-08-14,2019-09-10,,,train
2019-08-14,-0.0665083135391924,0.326602294580531,2019-08-15,2019-08-21,,,train,0.0467141726049088,0.365551654073947,2019-08-15,2019-09-11,,,train
2019-08-15,-0.0291262135922331,0.314393536595307,2019-08-16,2019-08-22,,,train,0.100323624595469,0.371299351990804,2019-08-16,2019-09-12,,,train
2019-08-16,-0.0215482841181165,0.335552965670513,2019-08-19,2019-08-23,,,train,0.0702314445331204,0.371491631368342,2019-08-19,2019-09-16,,,train
2019-08-19,-0.0380875202593192,0.391792009309997,2019-08-20,2019-08-26,,,train,0.0786061588330632,0.368470121594896,2019-08-20,2019-09-17,,,train
2019-08-20,-0.0377668308702791,0.391239153479799,2019-08-21,2019-08-27,,,train,0.0853858784893268,0.366338903493512,2019-08-21,2019-09-18,,,train
2019-08-21,-0.00254452926208637,0.316662907754855,2019-08-22,2019-08-28,,,train,0.0814249363867685,0.370635802255719,2019-08-22,2019-09-19,,,train
2019-08-22,-0.0333333333333332,0.306633106024826,2019-08-23,2019-08-29,,,train,0.0583333333333334,0.365565388498141,2019-08-23,2019-09-20,,,train
2019-08-23,-0.00897226753670474,0.423108566327608,2019-08-26,2019-08-30,,,train,0.0562805872756933,0.364193378013538,2019-08-26,2019-09-23,,,train
2019-08-26,0.0614995787700083,0.43932683219254,2019-08-27,2019-09-02,,,train,0.0488626790227463,0.372832233355234,2019-08-27,2019-09-24,,,train
2019-08-27,0.0878839590443684,0.438081578264077,2019-08-28,2019-09-03,,,train,0.0656996587030715,0.370264345635804,2019-08-28,2019-09-25,,,train
2019-08-28,0.0960884353741494,0.444230805088388,2019-08-29,2019-09-04,,,train,0.0833333333333332,0.376693864901335,2019-08-29,2019-09-26,,,train
2019-08-29,0.11551724137931,0.434325267691525,2019-08-30,2019-09-05,,,train,0.107758620689655,0.374786677574679,2019-08-30,2019-09-27,,,train
2019-08-30,0.0353909465020575,0.347285102951489,2019-09-02,2019-09-06,,,train,0.0790123456790122,0.344212649643109,2019-09-02,2019-09-30,,,train
2019-09-02,0.0404761904761903,0.373867981236985,2019-09-03,2019-09-09,,,train,0.0428571428571429,0.319191708800656,2019-09-03,2019-10-08,,,train
2019-09-03,0.0282352941176469,0.364305539690469,2019-09-04,2019-09-10,,,train,0.00156862745098043,0.332261697166335,2019-09-04,2019-10-09,,,train
2019-09-04,0.0256012412723041,0.360869204868314,2019-09-05,2019-09-11,,,train,0.0201706749418155,0.346019087753409,2019-09-05,2019-10-10,,,train
2019-09-05,0.0510046367851624,0.412246576015512,2019-09-06,2019-09-12,,,train,0.0170015455950542,0.345756616016491,2019-09-06,2019-10-11,,,train
2019-09-06,0.0659777424483308,0.373899096421404,2019-09-09,2019-09-16,,,train,0.0151033386327505,0.347735464066257,2019-09-09,2019-10-14,,,train
2019-09-09,0.0152555301296722,0.23831619876734,2019-09-10,2019-09-17,,,train,-0.0175438596491226,0.316842975331365,2019-09-10,2019-10-15,,,train
2019-09-10,0.00839054157131985,0.243135143844358,2019-09-11,2019-09-18,,,train,-0.0587337909992371,0.351429511760934,2019-09-11,2019-10-16,,,train
2019-09-11,-0.0355521936459908,0.348770129591734,2019-09-12,2019-09-19,,,train,-0.0695915279878971,0.350365316185707,2019-09-12,2019-10-17,,,train
2019-09-12,-0.0661764705882352,0.286256307823823,2019-09-16,2019-09-20,,,train,-0.0941176470588235,0.335663667327941,2019-09-16,2019-10-18,,,train
2019-09-16,-0.0343027591349739,0.301859123465025,2019-09-17,2019-09-23,,,train,-0.0879940343027591,0.332946565849178,2019-09-17,2019-10-21,,,train
2019-09-17,-0.0646130728775357,0.407965137531557,2019-09-18,2019-09-24,,,train,-0.0743801652892562,0.332903650944647,2019-09-18,2019-10-22,,,train
2019-09-18,-0.0552193645990924,0.405751215599799,2019-09-19,2019-09-25,,,train,-0.0612708018154312,0.333035057441259,2019-09-19,2019-10-23,,,train
2019-09-19,-0.000784313725490273,0.344071034686179,2019-09-20,2019-09-26,,,train,-0.0149019607843137,0.310193504870137,2019-09-20,2019-10-24,,,train
2019-09-20,0.0118110236220472,0.348327236071355,2019-09-23,2019-09-27,,,train,-0.000787401574803102,0.312027984252973,2019-09-23,2019-10-25,,,train
2019-09-23,0.0123552123552122,0.349861380037118,2019-09-24,2019-09-30,,,train,-0.0316602316602316,0.307172384682162,2019-09-24,2019-10-28,,,train
2019-09-24,0.055421686746988,0.211011744787002,2019-09-25,2019-10-08,,,train,-0.000803212851405512,0.275004524509961,2019-09-25,2019-10-29,,,train
2019-09-25,0.022417934347478,0.29176029242054,2019-09-26,2019-10-09,,,train,-0.00320256204963962,0.274783511444785,2019-09-26,2019-10-30,,,train
2019-09-26,0.0321821036106751,0.32964340298429,2019-09-27,2019-10-10,,,train,-0.0259026687598115,0.26587141160709,2019-09-27,2019-10-31,,,train
2019-09-27,0.0241245136186771,0.32398884777435,2019-09-30,2019-10-11,,,train,-0.0264591439688715,0.265646233146961,2019-09-30,2019-11-01,,,train
2019-09-30,-0.0259344012204423,0.361050359246749,2019-10-08,2019-10-14,,,train,-0.0617848970251714,0.262912748150463,2019-10-08,2019-11-04,,,train
2019-10-08,-0.0197869101978691,0.365789233839948,2019-10-09,2019-10-15,,,train,-0.0532724505327243,0.265840663448014,2019-10-09,2019-11-05,,,train
2019-10-09,-0.033672670321065,0.430276645403702,2019-10-10,2019-10-16,,,train,-0.0266249021143303,0.245764588874477,2019-10-10,2019-11-06,,,train
2019-10-10,-0.0646387832699621,0.377270679760732,2019-10-11,2019-10-17,,,train,-0.070722433460076,0.230703946225037,2019-10-11,2019-11-07,,,train
2019-10-11,-0.0638297872340425,0.377408372477325,2019-10-14,2019-10-18,,,train,-0.0881458966565348,0.239532193234551,2019-10-14,2019-11-08,,,train
2019-10-14,-0.0422866092404071,0.315490705521237,2019-10-15,2019-10-21,,,train,-0.0736100234925605,0.220312705207626,2019-10-15,2019-11-11,,,train
2019-10-15,-0.0434782608695651,0.313904587059012,2019-10-16,2019-10-22,,,train,-0.0574534161490682,0.236730881961137,2019-10-16,2019-11-12,,,train
2019-10-16,0.00567260940032419,0.093559014347703,2019-10-17,2019-10-23,,,train,-0.0153970826580225,0.18148504640572,2019-10-17,2019-11-13,,,train
2019-10-17,0.0211382113821139,0.124487854854496,2019-10-18,2019-10-24,,,train,0.00569105691056941,0.191993483591562,2019-10-18,2019-11-14,,,train
2019-10-18,0.0300324675324676,0.143903215185239,2019-10-21,2019-10-25,,,train,0.020292207792208,0.200173714768762,2019-10-21,2019-11-15,,,train
2019-10-21,0.0253475061324612,0.158507927944736,2019-10-22,2019-10-28,,,train,0.0335241210139004,0.19945110512743,2019-10-22,2019-11-18,,,train
2019-10-22,0.00974025974025974,0.160144135689815,2019-10-23,2019-10-29,,,train,0.0332792207792209,0.199343081495957,2019-10-23,2019-11-19,,,train
2019-10-23,0.00322320709105559,0.151685739833412,2019-10-24,2019-10-30,,,train,0.0193392425463338,0.198924342838916,2019-10-24,2019-11-20,,,train
2019-10-24,-0.0119426751592357,0.127496137570226,2019-10-25,2019-10-31,,,train,0.0214968152866243,0.200667376200165,2019-10-25,2019-11-21,,,train
2019-10-25,-0.0141843971631206,0.118986118105833,2019-10-28,2019-11-01,,,train,0.02521670606777,0.203413659746544,2019-10-28,2019-11-22,,,train
2019-10-28,-0.0191387559808612,0.14654672345804,2019-10-29,2019-11-04,,,train,0.0614035087719299,0.214811686176104,2019-10-29,2019-11-25,,,train
2019-10-29,9.36750677027476e-17,0.157165631752552,2019-10-30,2019-11-05,,,train,0.052250803858521,0.22098986887244,2019-10-30,2019-11-26,,,train
2019-10-30,-0.00160642570281113,0.157165798328317,2019-10-31,2019-11-06,,,train,0.0305220883534138,0.232163489861741,2019-10-31,2019-11-27,,,train
2019-10-31,-0.0153102336825141,0.197006564120323,2019-11-01,2019-11-07,,,train,0.0467365028203062,0.236018637829297,2019-11-01,2019-11-28,,,train
2019-11-01,-0.0407673860911271,0.2284727010487,2019-11-04,2019-11-08,,,train,0.0327737809752198,0.235076737374183,2019-11-04,2019-11-29,,,train
2019-11-04,-0.0382113821138211,0.219124762762451,2019-11-05,2019-11-11,,,train,0.0617886178861787,0.230463836007548,2019-11-05,2019-12-02,,,train
2019-11-05,-0.0241157556270097,0.274377061941565,2019-11-06,2019-11-12,,,train,0.0474276527331188,0.227082021271994,2019-11-06,2019-12-03,,,train
2019-11-06,-0.0225261464199517,0.274379932350826,2019-11-07,2019-11-13,,,train,0.0651649235720032,0.234048976680393,2019-11-07,2019-12-04,,,train
2019-11-07,0.0122749590834699,0.27727587987129,2019-11-08,2019-11-14,,,train,0.0711947626841244,0.229688009600004,2019-11-08,2019-12-05,,,train
2019-11-08,0.0475000000000001,0.270578006442264,2019-11-11,2019-11-15,,,train,0.0908333333333333,0.220449404621763,2019-11-11,2019-12-06,,,train
2019-11-11,0.0684699915469148,0.253981507816793,2019-11-12,2019-11-18,,,train,0.164464618626895,0.280841143109394,2019-11-12,2019-12-09,,,train
2019-11-12,0.0485996705107085,0.182539596913967,2019-11-13,2019-11-19,,,train,0.128647514161269,0.266091943426317,2019-11-13,2019-12-10,,,train
2019-11-13,0.0411522633744856,0.187855203776068,2019-11-14,2019-11-20,,,train,0.143345171655674,0.270522860660627,2019-11-14,2019-12-11,,,train
2019-11-14,0.0371867421180274,0.170648230357118,2019-11-15,2019-11-21,,,train,0.110220263341491,0.266042139687495,2019-11-15,2019-12-12,,,train
2019-11-15,0.0350039777247414,0.161054459389602,2019-11-18,2019-11-22,,,train,0.0967513431632174,0.260234989172746,2019-11-18,2019-12-13,,,train
2019-11-18,0.0530063291139239,0.224895602327846,2019-11-19,2019-11-25,,,train,0.0773257326166116,0.263145006243781,2019-11-19,2019-12-16,,,train
2019-11-19,0.02827965435978,0.249081465010254,2019-11-20,2019-11-26,,,train,0.0514801622744245,0.268948637423303,2019-11-20,2019-12-17,,,train
2019-11-20,0.0142292490118577,0.283415827138078,2019-11-21,2019-11-27,,,train,0.058963668850506,0.26803064590186,2019-11-21,2019-12-18,,,train
2019-11-21,0.0124707716289945,0.279293521626048,2019-11-22,2019-11-28,,,train,0.0654822280827256,0.272946735273702,2019-11-22,2019-12-19,,,train
2019-11-22,-0.00691775557263654,0.263995299643624,2019-11-25,2019-11-29,,,train,0.0296610615648657,0.277901085756716,2019-11-25,2019-12-20,,,train
2019-11-25,-0.0187828700225396,0.222157644284998,2019-11-26,2019-12-02,,,train,0.0120004528472773,0.266573155598597,2019-11-26,2019-12-23,,,train
2019-11-26,-0.00458365164247531,0.188732415782356,2019-11-27,2019-12-03,,,train,0.0354552780016116,0.260868755875096,2019-11-27,2019-12-24,,,train
2019-11-27,0.0319563522992985,0.167979873811133,2019-11-28,2019-12-04,,,train,0.0498617324549696,0.251937355363971,2019-11-28,2019-12-25,,,train
2019-11-28,0.00769822940723639,0.164373731816715,2019-11-29,2019-12-05,,,train,0.0385544201545975,0.248128789569882,2019-11-29,2019-12-26,,,train
2019-11-29,0.0131578947368422,0.159835056539189,2019-12-02,2019-12-06,,,train,0.0490796895542646,0.247943582164993,2019-12-02,2019-12-27,,,train
2019-12-02,0.0547945205479454,0.388649370870979,2019-12-03,2019-12-09,,,train,0.0362185067863814,0.245036751207786,2019-12-03,2019-12-30,,,train
2019-12-03,0.0515564713674451,0.390176221732391,2019-12-04,2019-12-10,,,train,0.0499374467771952,0.24791217294917,2019-12-04,2019-12-31,,,train
2019-12-04,0.0492178123577371,0.385874495006243,2019-12-05,2019-12-11,,,train,0.0444377767661303,0.244319455337404,2019-12-05,2020-01-02,,,train
2019-12-05,0.049153908138598,0.385965370079174,2019-12-06,2019-12-12,,,train,0.0733279613215152,0.247463492118514,2019-12-06,2020-01-03,,,train
2019-12-06,0.0531829170024174,0.386923372177058,2019-12-09,2019-12-13,,,train,0.0765511684125709,0.247692282451924,2019-12-09,2020-01-06,,,train
2019-12-09,-0.0114854517611026,0.161247613641521,2019-12-10,2019-12-16,,,train,0.0206738131699851,0.16904523048882,2019-12-10,2020-01-07,,,train
2019-12-10,-0.0230946882217091,0.198581200780291,2019-12-11,2019-12-17,,,train,0.0461893764434185,0.18142231206944,2019-12-11,2020-01-08,,,train
2019-12-11,-0.035687167805619,0.172976338254643,2019-12-12,2019-12-18,,,train,-0.00227790432801779,0.211695001016237,2019-12-12,2020-01-09,,,train
2019-12-12,-0.00460829493087568,0.209778023997519,2019-12-13,2019-12-19,,,train,0.0122887864823354,0.208033365021096,2019-12-13,2020-01-10,,,train
2019-12-13,-0.028309104820199,0.252914203613335,2019-12-16,2019-12-20,,,train,0.00535577658760578,0.207868181280644,2019-12-16,2020-01-13,,,train
2019-12-16,-0.010844306738962,0.240503313585121,2019-12-17,2019-12-23,,,train,0.0402788536018596,0.21749038689739,2019-12-17,2020-01-14,,,train
2019-12-17,0.012608353033885,0.211938974923284,2019-12-18,2019-12-24,,,train,0.0464933018124513,0.212530628251137,2019-12-18,2020-01-15,,,train
2019-12-18,0.00551181102362222,0.216454490859522,2019-12-19,2019-12-25,,,train,0.0370078740157487,0.21455338455238,2019-12-19,2020-01-16,,,train
2019-12-19,-0.0131172839506171,0.162101125503952,2019-12-20,2019-12-26,,,train,0.0331790123456795,0.210514774588055,2019-12-20,2020-01-17,,,train
2019-12-20,0.0118110236220474,0.0817407127575701,2019-12-23,2019-12-27,,,train,0.055118110236221,0.197860283267694,2019-12-23,2020-01-20,,,train
2019-12-23,0.00469851213782317,0.0726709539014646,2019-12-24,2019-12-30,,,train,0.0509005481597499,0.196967075821266,2019-12-24,2020-01-21,,,train
2019-12-24,0.00933852140077835,0.0961856308669813,2019-12-25,2019-12-31,,,train,0.047470817120623,0.196000545186769,2019-12-25,2020-01-22,,,train
2019-12-25,0.0266249021143307,0.114435566673568,2019-12-26,2020-01-02,,,train,0.0172278778386848,0.232038743810656,2019-12-26,2020-01-23,,,train
2019-12-26,0.0414386239249415,0.160311754352745,2019-12-27,2020-01-03,,,train,-0.0516028146989833,0.336050895169796,2019-12-27,2020-02-03,,,train
2019-12-27,0.0396887159533076,0.158268862056393,2019-12-30,2020-01-06,,,train,-0.080155642023346,0.347992888296305,2019-12-30,2020-02-04,,,train
2019-12-30,0.0389711613406082,0.158686658269107,2019-12-31,2020-01-07,,,train,-0.0989867498051439,0.356793870475159,2019-12-31,2020-02-05,,,train
2019-12-31,0.0478026214340789,0.195069021852092,2020-01-02,2020-01-08,,,train,-0.0902081727062448,0.362129967410119,2020-01-02,2020-02-06,,,train
2020-01-02,0.00228832951945105,0.298981997270602,2020-01-03,2020-01-09,,,train,-0.104500381388253,0.360573387224884,2020-01-03,2020-02-07,,,train
2020-01-03,-0.0105105105105102,0.277719410597092,2020-01-06,2020-01-10,,,train,-0.126876876876877,0.35769797073916,2020-01-06,2020-02-10,,,train
2020-01-06,-0.0164670658682632,0.277741880074976,2020-01-07,2020-01-13,,,train,-0.0935628742514969,0.38528453189654,2020-01-07,2020-02-11,,,train
2020-01-07,0.00750187546886737,0.3176537528066,2020-01-08,2020-01-14,,,train,-0.0705176294073517,0.393654575546017,2020-01-08,2020-02-12,,,train
2020-01-08,-0.0228108903605592,0.297414431082536,2020-01-09,2020-01-15,,,train,-0.0809418690213391,0.388685527963441,2020-01-09,2020-02-13,,,train
2020-01-09,0.00228310502283106,0.186532407550141,2020-01-10,2020-01-16,,,train,-0.0433789954337898,0.370544348938131,2020-01-10,2020-02-14,,,train
2020-01-10,0.0159332321699543,0.219456548737418,2020-01-13,2020-01-17,,,train,-0.0295902883156297,0.375472835521875,2020-01-13,2020-02-17,,,train
2020-01-13,0.0197869101978689,0.218457405488495,2020-01-14,2020-01-20,,,train,-0.0266362252663623,0.375317789518145,2020-01-14,2020-02-18,,,train
2020-01-14,-0.000744601638123632,0.15432979655478,2020-01-15,2020-01-21,,,train,-0.0387192851824273,0.368724510874533,2020-01-15,2020-02-19,,,train
2020-01-15,0.0135542168674698,0.133812974581254,2020-01-16,2020-01-22,,,train,0.00451807228915685,0.384570862449581,2020-01-16,2020-02-20,,,train
2020-01-16,-0.0136674259681094,0.27944201874206,2020-01-17,2020-01-23,,,train,0.0258162490508734,0.386061534656128,2020-01-17,2020-02-21,,,train
2020-01-17,-0.0941000746825989,0.548390107667794,2020-01-20,2020-02-03,,,train,0.00672143390590019,0.381638127570262,2020-01-20,2020-02-24,,,train
2020-01-20,-0.117910447761194,0.578345034181367,2020-01-21,2020-02-04,,,train,0.00373134328358229,0.381710864645978,2020-01-21,2020-02-25,,,train
2020-01-21,-0.138599105812221,0.59942006618498,2020-01-22,2020-02-05,,,train,-0.0365126676602085,0.406526273871418,2020-01-22,2020-02-26,,,train
2020-01-22,-0.12332838038633,0.61655435601174,2020-01-23,2020-02-06,,,train,-0.0594353640416045,0.413234952814978,2020-01-23,2020-02-27,,,train
2020-01-23,-0.0962278675904541,0.563720014459569,2020-02-03,2020-02-07,,,train,-0.0508083140877596,0.404519080127301,2020-02-03,2020-02-28,,,train
2020-02-03,-0.0412201154163231,0.292865831208803,2020-02-04,2020-02-10,,,train,0.0766694146743613,0.382364496140307,2020-02-04,2020-03-02,,,train
2020-02-04,0.0245346869712352,0.366646305793949,2020-02-05,2020-02-11,,,train,0.0905245346869715,0.374059909695881,2020-02-05,2020-03-03,,,train
2020-02-05,0.0717993079584776,0.368550798223658,2020-02-06,2020-02-12,0.376279371519109,0,train,0.141868512110727,0.37523806493419,2020-02-06,2020-03-04,,,train
2020-02-06,0.0584745762711865,0.343227663065481,2020-02-07,2020-02-13,0.376835558756664,0,train,0.127966101694915,0.369257426654839,2020-02-07,2020-03-05,,,train
2020-02-07,0.0706984667802387,0.344310938705913,2020-02-10,2020-02-14,0.377161899509715,0,train,0.10732538330494,0.378181527632686,2020-02-10,2020-03-06,,,train
2020-02-10,0.0997420464316423,0.359522069973586,2020-02-11,2020-02-17,0.377053119258698,0,train,0.100601891659501,0.380701240640036,2020-02-11,2020-03-09,,,train
2020-02-11,0.0561519405450042,0.216373848668885,2020-02-12,2020-02-18,0.376944339007681,0,train,0.0941370767960364,0.373318283206618,2020-02-12,2020-03-10,,,train
2020-02-12,0.0419693301049235,0.157731629540538,2020-02-13,2020-02-19,0.376835558756664,0,train,0.0548829701372075,0.367614503985052,2020-02-13,2020-03-11,,,train
2020-02-13,0.068054443554844,0.275188259568122,2020-02-14,2020-02-20,0.376650163010812,0,train,0.0616493194555644,0.370068567360166,2020-02-14,2020-03-12,,,train
2020-02-14,0.0747812251392204,0.285929912934442,2020-02-17,2020-02-21,0.37646476726496,0,train,0.0763723150357993,0.376240327930806,2020-02-17,2020-03-13,,,train
2020-02-17,0.0539483971853011,0.258519665762074,2020-02-18,2020-02-24,0.376279371519109,0,train,0.0344018764659889,0.379603088052769,2020-02-18,2020-03-16,,,train
2020-02-18,0.0516028146989836,0.259003093133538,2020-02-19,2020-02-25,0.376093975773257,0,train,0.0492572322126659,0.382962635262001,2020-02-19,2020-03-17,,,train
2020-02-19,0.00154918667699463,0.375554352680276,2020-02-20,2020-02-26,0.375632154060638,0,train,0.0472501936483343,0.382434296110805,2020-02-20,2020-03-18,,,train
2020-02-20,-0.0509745127436282,0.330725602422026,2020-02-21,2020-02-27,0.37517033234802,0,train,0.0164917541229381,0.364471427631832,2020-02-21,2020-03-19,,,train
2020-02-21,-0.0873427091043671,0.369400260452818,2020-02-24,2020-02-28,0.374708510635402,0,train,-0.0207253886010367,0.372111697590657,2020-02-24,2020-03-20,,,train
2020-02-24,-0.0311572700296736,0.550410301648757,2020-02-25,2020-03-02,0.374246688922783,1,train,-0.0667655786350152,0.412775786837937,2020-02-25,2020-03-23,,,train
2020-02-25,-0.0416356877323419,0.557990596671564,2020-02-26,2020-03-03,0.374159790797438,1,train,-0.0490706319702605,0.416862942869906,2020-02-26,2020-03-24,,,train
2020-02-26,0.0208816705336426,0.51133588946632,2020-02-27,2020-03-04,0.37490052080153,1,train,0.0286156225831396,0.416472902698499,2020-02-27,2020-03-25,,,train
2020-02-27,0.051342812006319,0.492433708801579,2020-02-28,2020-03-05,0.374573604862156,1,train,0.0458135860979459,0.4099953032383,2020-02-28,2020-03-26,,,train
2020-02-28,0.0543390105433899,0.485100588872568,2020-03-02,2020-03-06,0.374246688922783,1,train,0.068937550689375,0.399457555606076,2020-03-02,2020-03-27,,,train
2020-03-02,-0.0199081163859113,0.284066368925555,2020-03-03,2020-03-09,0.375227436740903,0,train,-0.011485451761103,0.351110286499585,2020-03-03,2020-03-30,,,train
2020-03-03,0.0279286268425135,0.363610246955353,2020-03-04,2020-03-10,0.375824164226766,0,train,0.00945857661998238,0.349133998473256,2020-03-04,2020-03-31,,,train
2020-03-04,-0.00984848484848491,0.336417840682945,2020-03-05,2020-03-11,0.376279371519109,0,train,-0.0434177299308882,0.35517152521232,2020-03-05,2020-04-01,,,train
2020-03-05,-0.00375657400450794,0.346704511546072,2020-03-06,2020-03-12,0.376835558756664,0,train,-0.017290126141801,0.37540874934282,2020-03-06,2020-04-02,,,train
2020-03-06,0.0407692307692307,0.335696423257832,2020-03-09,2020-03-13,0.377161899509715,0,train,-0.010407557354926,0.370676011608353,2020-03-09,2020-04-03,,,train
2020-03-09,0.0335937499999998,0.354847006659819,2020-03-10,2020-03-16,0.377053119258698,0,train,0.00770901864035054,0.366687280650512,2020-03-10,2020-04-07,,,train
2020-03-10,0.0128301886792451,0.275668279114057,2020-03-11,2020-03-17,0.376944339007681,0,train,-0.00172922873220824,0.356905698304207,2020-03-11,2020-04-08,,,train
2020-03-11,0.0344299923488904,0.263327811223726,2020-03-12,2020-03-18,0.376835558756664,0,train,0.0354132270231812,0.362774046098768,2020-03-12,2020-04-09,,,train
2020-03-12,0.02262443438914,0.243481593251012,2020-03-13,2020-03-19,0.376650163010812,0,train,0.0239931465163661,0.359334362543551,2020-03-13,2020-04-10,,,train
2020-03-13,-0.0221729490022175,0.263433558226696,2020-03-16,2020-03-20,0.37646476726496,0,train,-0.00230028137601972,0.35275132805527,2020-03-16,2020-04-13,,,train
2020-03-16,-0.0491307634164778,0.414697239619041,2020-03-17,2020-03-23,0.376279371519109,1,train,0.0382987893012953,0.349201308548127,2020-03-17,2020-04-14,,,train
2020-03-17,-0.0469448584202683,0.418974861749614,2020-03-18,2020-03-24,0.376093975773257,1,train,0.0235985828953903,0.34551364422278,2020-03-18,2020-04-15,,,train
2020-03-18,-0.0162721893491125,0.499815789244886,2020-03-19,2020-03-25,0.375959070000012,1,train,0.0151899719713483,0.344519667775088,2020-03-19,2020-04-16,0.377702680769912,0,train
2020-03-19,-0.023598820058997,0.500406167595216,2020-03-20,2020-03-26,0.375824164226766,1,train,0.0222170470423846,0.346131319353522,2020-03-20,2020-04-17,0.377676950355058,0,train
2020-03-20,-0.00377928949357519,0.469950471231312,2020-03-23,2020-03-27,0.375689258453521,1,train,0.0614101391043745,0.338059075146424,2020-03-23,2020-04-20,0.377450893755055,0,train
2020-03-23,0.0262321144674086,0.338422565006599,2020-03-24,2020-03-30,0.376093975773257,0,train,0.0838451454550524,0.305355331504303,2020-03-24,2020-04-21,0.377728411184766,0,train
2020-03-24,0.0173511378132586,0.322231049064097,2020-03-25,2020-03-31,0.376650163010812,0,train,0.0855287162393863,0.306463330114413,2020-03-25,2020-04-22,0.377821220191006,0,train
2020-03-25,-0.0506100778261444,0.268799044668021,2020-03-26,2020-04-01,0.377053119258698,0,train,0.0294281757024138,0.27769229451182,2020-03-26,2020-04-23,0.3779452647206,0,train
2020-03-26,-0.0120945301319764,0.365832310200696,2020-03-27,2020-04-02,0.37730510293988,0,train,0.0383699051253509,0.277614905324201,2020-03-27,2020-04-24,0.378122461904664,0,train
2020-03-27,-0.0239224769054655,0.38296220274185,2020-03-30,2020-04-03,0.377408372477325,1,train,0.0345046987727283,0.278697199844282,2020-03-30,2020-04-27,0.37834967028082,0,train
2020-03-30,-0.000877192982456197,0.354144343417679,2020-03-31,2020-04-07,0.377373949298177,0,train,0.0429824561403506,0.272496543116788,2020-03-31,2020-04-28,0.378265598956753,0,train
2020-03-31,0.0165361183637946,0.392633322655239,2020-04-01,2020-04-08,0.377339526119029,1,train,0.0365535248041774,0.271128739734776,2020-04-01,2020-04-29,0.378181527632686,0,train
2020-04-01,0.0717488789237668,0.367436726981228,2020-04-02,2020-04-09,0.37730510293988,0,train,0.0941704035874437,0.26350486481687,2020-04-02,2020-04-30,0.378122461904664,0,train
2020-04-02,0.038095238095238,0.270114491303523,2020-04-03,2020-04-10,0.377270679760732,0,train,0.0571428571428568,0.231927988691441,2020-04-03,2020-05-06,0.378063396176643,0,train
2020-04-03,0.0492957746478873,0.246623729676658,2020-04-07,2020-04-13,0.377373949298177,0,train,0.0968309859154925,0.235584494601525,2020-04-07,2020-05-07,0.378004330448621,0,train
2020-04-07,0.0649692712906057,0.275398559434976,2020-04-08,2020-04-14,0.377339526119029,0,train,0.111501316944688,0.242089659428309,2020-04-08,2020-05-08,0.3779452647206,0,train
2020-04-08,0.0385273972602739,0.209726020221799,2020-04-09,2020-04-15,0.377447270322282,0,train,0.0787671232876709,0.225669940647176,2020-04-09,2020-05-11,0.377903916544068,0,train
2020-04-09,0.0142259414225941,0.133028974316962,2020-04-10,2020-04-16,0.377408372477325,0,train,0.0677824267782423,0.215296355467223,2020-04-10,2020-05-12,0.377862568367537,0,train
2020-04-10,0.0208507089241033,0.148411963073627,2020-04-13,2020-04-17,0.377373949298177,0,train,0.0767306088407003,0.218935560096518,2020-04-13,2020-05-13,0.377821220191006,0,train
2020-04-13,0.0402684563758388,0.169702666379688,2020-04-14,2020-04-20,0.377339526119029,0,train,0.086409395973154,0.21822323077022,2020-04-14,2020-05-14,0.377779872014474,0,train
2020-04-14,-0.00741962077493824,0.239113150816027,2020-04-15,2020-04-21,0.37730510293988,0,train,0.101401483924155,0.236684900760202,2020-04-15,2020-05-15,0.37775414159962,0,train
2020-04-15,0.010717230008244,0.271478014249677,2020-04-16,2020-04-22,0.377270679760732,0,train,0.140148392415499,0.266612356387024,2020-04-16,2020-05-18,0.377728411184766,0,train
2020-04-16,-0.00247524752475244,0.288950962912422,2020-04-17,2020-04-23,0.377161899509715,0,train,0.173267326732673,0.284284827997272,2020-04-17,2020-05-19,0.377702680769912,0,train
2020-04-17,-0.00816993464052293,0.281884576112906,2020-04-20,2020-04-24,0.377053119258698,0,train,0.151143790849673,0.284002800010737,2020-04-20,2020-05-20,0.377676950355058,0,train
2020-04-20,-0.0290322580645161,0.272775015460149,2020-04-21,2020-04-27,0.376944339007681,0,train,0.164516129032258,0.29345915413879,2020-04-21,2020-05-21,0.377450893755055,0,train
2020-04-21,-0.0124584717607974,0.196417368467332,2020-04-22,2020-04-28,0.376835558756664,0,train,0.190199335548173,0.275532423214034,2020-04-22,2020-05-22,0.377224837155053,0,train
2020-04-22,-0.0285481239804242,0.148986349047007,2020-04-23,2020-04-29,0.376650163010812,0,train,0.17699836867863,0.269065323144952,2020-04-23,2020-05-25,0.376998780555051,0,train
2020-04-23,0.00909842845326698,0.203813983372366,2020-04-24,2020-04-30,0.37646476726496,0,train,0.155500413564929,0.288382004421485,2020-04-24,2020-05-26,0.376772723955049,0,train
2020-04-24,0.00576606260296529,0.20178083236013,2020-04-27,2020-05-06,0.376279371519109,0,train,0.163097199341021,0.290494001880007,2020-04-27,2020-05-27,0.37675300919162,0,train
2020-04-27,0.0348837209302323,0.240773230055459,2020-04-28,2020-05-07,0.376093975773257,0,train,0.180232558139535,0.289885134941888,2020-04-28,2020-05-28,0.376733294428192,0,train
2020-04-28,0.0647603027754414,0.250659858654708,2020-04-29,2020-05-08,0.375959070000012,0,train,0.264928511354079,0.350224208306083,2020-04-29,2020-05-29,0.376713579664763,0,train
2020-04-29,0.0579345088161208,0.252636973670564,2020-04-30,2020-05-11,0.375824164226766,0,train,0.263643996641478,0.350181341466109,2020-04-30,2020-06-01,0.376693864901335,0,train
2020-04-30,0.0459016393442622,0.206592777985887,2020-05-06,2020-05-12,0.375689258453521,0,train,0.240983606557377,0.34026816480738,2020-05-06,2020-06-02,0.376580480658702,0,train
2020-05-06,0.0573300573300573,0.222554686666977,2020-05-07,2020-05-13,0.375554352680276,0,train,0.236691236691237,0.340385294883879,2020-05-07,2020-06-03,0.37646709641607,0,train
2020-05-07,0.0393258426966293,0.171197434105103,2020-05-08,2020-05-14,0.375227436740903,0,train,0.182985553772071,0.343543893805985,2020-05-08,2020-06-04,0.376353712173438,0,train
2020-05-08,0.0552922590837282,0.255917413869922,2020-05-11,2020-05-15,0.37490052080153,0,train,0.178515007898894,0.341589955968798,2020-05-11,2020-06-05,0.376240327930806,0,train
2020-05-11,0.0976190476190477,0.352995622386794,2020-05-12,2020-05-18,0.374573604862156,0,train,0.242857142857143,0.38200032668564,2020-05-12,2020-06-08,0.376048454828573,1,train
2020-05-12,0.114420062695925,0.394408517929952,2020-05-13,2020-05-19,0.374246688922783,1,train,0.206112852664577,0.384355516181889,2020-05-13,2020-06-09,0.375856581726341,1,train
2020-05-13,0.09140201394268,0.391056715247313,2020-05-14,2020-05-20,0.374159790797438,1,train,0.176607281177382,0.384920898158754,2020-05-14,2020-06-10,0.375664708624108,1,train
2020-05-14,0.115057915057915,0.427535474290288,2020-05-15,2020-05-21,0.374072892672094,1,train,0.172200772200772,0.384771330760635,2020-05-15,2020-06-11,0.375472835521875,1,train
2020-05-15,0.0726047904191617,0.36982238286844,2020-05-18,2020-05-22,0.373985994546749,0,train,0.163173652694611,0.377795865934237,2020-05-18,2020-06-12,0.375456813977111,1,train
2020-05-18,0.0433839479392624,0.280991655364305,2020-05-19,2020-05-25,0.373899096421404,0,train,0.102675343456255,0.363508734423095,2020-05-19,2020-06-15,0.375440792432348,0,train
2020-05-19,-0.0175808720112517,0.304758801590497,2020-05-20,2020-05-26,0.374159790797438,0,train,0.0984528832630101,0.36004913214248,2020-05-20,2020-06-16,0.375424770887584,0,train
2020-05-20,0.00212916962384676,0.307206141064342,2020-05-21,2020-05-27,0.37490052080153,0,train,0.0880056777856638,0.364688598640262,2020-05-21,2020-06-17,0.37540874934282,0,train
2020-05-21,-0.0159279778393352,0.257034383515076,2020-05-22,2020-05-28,0.375689258453521,0,train,0.0595567867036013,0.354203656128474,2020-05-22,2020-06-18,0.375398168091635,0,train
2020-05-22,0.0495464061409631,0.474905571668023,2020-05-25,2020-05-29,0.375554352680276,1,train,0.071877180739707,0.353435227566716,2020-05-25,2020-06-19,0.37538758684045,0,train
2020-05-25,0.042966042966043,0.472356038777934,2020-05-26,2020-06-01,0.375227436740903,1,train,0.0443520443520444,0.359005350523885,2020-05-26,2020-06-22,0.375377005589264,0,train
2020-05-26,0.0837508947745169,0.414744636911711,2020-05-27,2020-06-02,0.37490052080153,1,train,0.0837508947745167,0.340486051809104,2020-05-27,2020-06-23,0.375366424338079,0,train
2020-05-27,0.0694050991501417,0.408187505550626,2020-05-28,2020-06-03,0.374573604862156,1,train,0.0920679886685552,0.344564588662909,2020-05-28,2020-06-24,0.375359959147653,0,train
2020-05-28,0.0372976776917665,0.440372354213732,2020-05-29,2020-06-04,0.374246688922783,1,train,0.0358902181562281,0.381328668445338,2020-05-29,2020-06-29,0.375353493957226,1,train
2020-05-29,-0.00797872340425523,0.197325042712196,2020-06-01,2020-06-05,0.375227436740903,0,train,-0.00997340425531917,0.326295819710441,2020-06-01,2020-06-30,0.3753470287668,0,train
2020-06-01,0.0405315614617941,0.39625061662179,2020-06-02,2020-06-08,0.375824164226766,1,train,-0.0139534883720931,0.326505666277311,2020-06-02,2020-07-01,0.375340563576373,0,train
2020-06-02,0.0165125495376485,0.412877138224172,2020-06-03,2020-06-09,0.376279371519109,1,train,-0.0244385733157201,0.32625100145911,2020-06-03,2020-07-02,0.375334870061816,0,train
2020-06-03,0.00596026490066217,0.422774625565517,2020-06-04,2020-06-10,0.376835558756664,1,train,-0.0112582781456956,0.328350831606574,2020-06-04,2020-07-03,0.375329176547259,0,train
2020-06-04,0.0298507462686567,0.386542160003148,2020-06-05,2020-06-11,0.377161899509715,1,train,0.01831750339213,0.317549615367573,2020-06-05,2020-07-06,0.375323483032702,0,train
2020-06-05,0.0415549597855228,0.411919647400809,2020-06-08,2020-06-12,0.377053119258698,1,train,0.028150134048257,0.323945214588497,2020-06-08,2020-07-07,0.375317789518145,0,train
2020-06-08,-0.0261813537675606,0.263558932840489,2020-06-09,2020-06-15,0.37730510293988,0,train,0.00638569604086806,0.290875700472682,2020-06-09,2020-07-08,0.375334870061816,0,train
2020-06-09,0.0149447693307344,0.288414524537387,2020-06-10,2020-06-16,0.377408372477325,0,train,0.0253411306042882,0.284284686337552,2020-06-10,2020-07-09,0.375353493957226,0,train
2020-06-10,0.00921658986175131,0.303743409962164,2020-06-11,2020-06-17,0.377525066012196,0,train,0.040816326530612,0.280548285286204,2020-06-11,2020-07-10,0.375377005589264,0,train
2020-06-11,0.00790513833992105,0.304025646836731,2020-06-12,2020-06-18,0.377598045773494,0,train,0.092226613965744,0.327407846739232,2020-06-12,2020-07-13,0.37540874934282,0,train
2020-06-12,-0.0115830115830116,0.255960094434729,2020-06-15,2020-06-19,0.377802964097062,0,train,0.0791505791505787,0.319233101007034,2020-06-15,2020-07-14,0.375456813977111,0,train
2020-06-15,-0.0118032786885246,0.256790337037754,2020-06-16,2020-06-22,0.377632127689836,0,train,0.0977049180327864,0.312216074965053,2020-06-16,2020-07-15,0.375440792432348,0,train
2020-06-16,-0.0307298335467352,0.19508824369211,2020-06-17,2020-06-23,0.377615086731665,0,train,0.0582586427656845,0.303720047125311,2020-06-17,2020-07-16,0.375424770887584,0,train
2020-06-17,0.00587084148727962,0.193089461744062,2020-06-18,2020-06-24,0.377598045773494,0,train,0.0776255707762551,0.296353343387324,2020-06-18,2020-07-17,0.37540874934282,0,train
2020-06-18,-0.0379084967320262,0.381931888905656,2020-06-19,2020-06-29,0.377581004815324,1,train,0.0679738562091498,0.298813143823968,2020-06-19,2020-07-20,0.375398168091635,0,train
2020-06-19,-0.0305989583333334,0.389545003180406,2020-06-22,2020-06-30,0.377563963857153,1,train,0.0950520833333327,0.315686938909226,2020-06-22,2020-07-21,0.37538758684045,0,train
2020-06-22,-0.0152621101526212,0.366066470733984,2020-06-23,2020-07-01,0.377525066012196,0,train,0.116788321167883,0.308358521202838,2020-06-23,2020-07-22,0.375377005589264,0,train
2020-06-23,-0.02443857331572,0.366126988561494,2020-06-24,2020-07-02,0.377486168167239,0,train,0.116908850726552,0.308379194272694,2020-06-24,2020-07-23,0.375366424338079,0,train
2020-06-24,-0.0317769130998704,0.350678044811473,2020-06-29,2020-07-03,0.377447270322282,0,train,0.0732814526588842,0.310968170376362,2020-06-29,2020-07-24,0.375359959147653,0,train
2020-06-29,0.0197010869565215,0.125030515167058,2020-06-30,2020-07-06,0.377563963857153,0,train,0.106657608695652,0.269564528530684,2020-06-30,2020-07-27,0.37538758684045,0,train
2020-06-30,0.0302216252518466,0.181172108390023,2020-07-01,2020-07-07,0.377615086731665,0,train,0.101410342511753,0.267533849820637,2020-07-01,2020-07-28,0.375377005589264,0,train
2020-07-01,0.0619946091644202,0.262726936628659,2020-07-02,2020-07-08,0.377598045773494,0,train,0.134097035040431,0.282616444862763,2020-07-02,2020-07-29,0.375366424338079,0,train
2020-07-02,0.0683818551117127,0.260729359681745,2020-07-03,2020-07-09,0.377581004815324,0,train,0.137440758293838,0.282188739723209,2020-07-03,2020-07-30,0.375359959147653,0,train
2020-07-03,0.0589417280643,0.249621054927793,2020-07-06,2020-07-10,0.377563963857153,0,train,0.137977227059611,0.282420460137999,2020-07-06,2020-07-31,0.375353493957226,0,train
2020-07-06,0.104596935376416,0.418147582804453,2020-07-07,2020-07-13,0.377525066012196,1,train,0.163224516988674,0.297965790050296,2020-07-07,2020-08-03,0.3753470287668,0,train
2020-07-07,0.0932203389830508,0.39693183143951,2020-07-08,2020-07-14,0.377486168167239,1,train,0.160365058670143,0.295822765415196,2020-07-08,2020-08-04,0.375340563576373,0,train
2020-07-08,0.0621827411167512,0.347770223631145,2020-07-09,2020-07-15,0.377447270322282,0,train,0.126903553299492,0.279967494279541,2020-07-09,2020-08-05,0.375334870061816,0,train
2020-07-09,0.0475285171102661,0.359019880401031,2020-07-10,2020-07-16,0.377408372477325,0,train,0.153358681875792,0.293100550642846,2020-07-10,2020-08-06,0.375329176547259,0,train
2020-07-10,0.044908285895003,0.358792299436189,2020-07-13,2020-07-17,0.377373949298177,0,train,0.133459835547122,0.298146380264949,2020-07-13,2020-08-07,0.375323483032702,0,train
2020-07-13,-0.014475271411339,0.144240012467641,2020-07-14,2020-07-20,0.377486168167239,0,train,0.0894297405331253,0.247366967817809,2020-07-14,2020-08-10,0.375317789518145,0,train
2020-07-14,0.00298151460942148,0.23771716896404,2020-07-15,2020-07-21,0.377581004815324,0,train,0.0921463397523589,0.248965234887428,2020-07-15,2020-08-11,0.375297858372156,0,train
2020-07-15,0.00537634408602143,0.237414569315438,2020-07-16,2020-07-22,0.377563963857153,0,train,0.0921357790428,0.248966113492097,2020-07-16,2020-08-12,0.375277927226168,0,train
2020-07-16,0.0229885057471264,0.222411475793791,2020-07-17,2020-07-23,0.377525066012196,0,train,0.0980392156862745,0.246242388603238,2020-07-17,2020-08-13,0.375257996080179,0,train
2020-07-17,0.00181598062953996,0.269790910962763,2020-07-20,2020-07-24,0.377486168167239,0,train,0.115320704553008,0.251932093281007,2020-07-20,2020-08-14,0.37523806493419,0,train
2020-07-20,-0.00305997552019587,0.281735564391625,2020-07-21,2020-07-27,0.377447270322282,0,train,0.12155902752778,0.249643474023267,2020-07-21,2020-08-17,0.375206987358032,0,train
2020-07-21,-0.0249702734839475,0.198518964108509,2020-07-22,2020-07-28,0.377408372477325,0,train,0.126763190412907,0.256845315877007,2020-07-22,2020-08-18,0.375175909781874,0,train
2020-07-22,5.55111512312578e-17,0.270468057687961,2020-07-23,2020-07-29,0.377373949298177,0,train,0.118264536949658,0.258027856487119,2020-07-23,2020-08-19,0.375144832205716,0,train
2020-07-23,-0.00650502661147254,0.268663360394189,2020-07-24,2020-07-30,0.377339526119029,0,train,0.101285931285583,0.260191033481881,2020-07-24,2020-08-20,0.375113754629558,0,train
2020-07-24,0.0265861027190331,0.234979880802905,2020-07-27,2020-07-31,0.37730510293988,0,train,0.116616314199396,0.250221307801406,2020-07-27,2020-08-21,0.375091096033212,0,train
2020-07-27,0.0718232044198895,0.283031690303841,2020-07-28,2020-08-03,0.377270679760732,0,train,0.122305275701441,0.246795988097413,2020-07-28,2020-08-24,0.375068437436867,0,train
2020-07-28,0.0853658536585364,0.310757660904216,2020-07-29,2020-08-04,0.377161899509715,0,train,0.0893352462936392,0.25894724636818,2020-07-29,2020-08-25,0.375045778840521,0,train
2020-07-29,0.0552584670231728,0.251126292959278,2020-07-30,2020-08-05,0.377053119258698,0,train,0.081076043013759,0.250638459152982,2020-07-30,2020-08-26,0.375023120244175,0,train
2020-07-30,0.0833333333333334,0.305105868252838,2020-07-31,2020-08-06,0.376944339007681,0,train,0.064705882352941,0.257757872560621,2020-07-31,2020-08-27,0.374964009576801,0,train
2020-07-31,0.0547380812242497,0.314373125609352,2020-08-03,2020-08-07,0.376835558756664,0,train,0.0760655056607691,0.266206535840815,2020-08-03,2020-08-28,0.374904898909427,0,train
2020-08-03,0.0345214832783058,0.253918530071215,2020-08-04,2020-08-10,0.376650163010812,0,train,0.0615636861846682,0.252696135239407,2020-08-04,2020-08-31,0.374845788242053,0,train
2020-08-04,0.028949107732981,0.23546803899586,2020-08-05,2020-08-11,0.37646476726496,0,train,0.044371006829698,0.243472872768426,2020-08-05,2020-09-01,0.374786677574679,0,train
2020-08-05,0.0294117647058825,0.235273117251497,2020-08-06,2020-08-12,0.376279371519109,0,train,0.05661543896838,0.245621858231664,2020-08-06,2020-09-02,0.374779878476403,0,train
2020-08-06,-0.00271493212669678,0.16674771109291,2020-08-07,2020-08-13,0.376093975773257,0,train,0.0346907993966815,0.230083591515594,2020-08-07,2020-09-03,0.374773079378127,0,train
2020-08-07,0.0281862745098038,0.164456609396348,2020-08-10,2020-08-14,0.375959070000012,0,train,0.0416666666666664,0.225570512933315,2020-08-10,2020-09-04,0.374766280279852,0,train
2020-08-10,0.0145896656534952,0.159157062729806,2020-08-11,2020-08-17,0.375824164226766,0,train,0.0352583586626136,0.223892945653671,2020-08-11,2020-09-07,0.374759481181576,0,train
2020-08-11,0.0347721822541964,0.269170512578751,2020-08-12,2020-08-18,0.375689258453521,0,train,0.0119904076738606,0.220646958623747,2020-08-12,2020-09-08,0.37468873578273,0,train
2020-08-12,0.0294294294294292,0.273391064131848,2020-08-13,2020-08-19,0.375554352680276,0,train,-0.00960960960960994,0.235645873579933,2020-08-13,2020-09-09,0.374617990383884,0,train
2020-08-13,0.026013309134906,0.278788637505433,2020-08-14,2020-08-20,0.375227436740903,0,train,-0.00544464609800391,0.234490793118016,2020-08-14,2020-09-10,0.374547244985038,0,train
2020-08-14,0.002979737783075,0.26334545496306,2020-08-17,2020-08-21,0.37490052080153,0,train,-0.00238379022646032,0.237207284177572,2020-08-17,2020-09-11,0.374476499586192,0,train
2020-08-17,-0.00239664469742368,0.271515212681276,2020-08-18,2020-08-24,0.374573604862156,0,train,0.0167765128819649,0.241348637768855,2020-08-18,2020-09-14,0.374372352113614,0,train
2020-08-18,-0.0573580533024334,0.209156447582972,2020-08-19,2020-08-25,0.374246688922783,0,train,-0.0411355735805333,0.227932034778693,2020-08-19,2020-09-15,0.374268204641037,0,train
2020-08-19,-0.0332555425904318,0.241076793081528,2020-08-20,2020-08-26,0.374159790797438,0,train,-0.0705950991831974,0.264024207816493,2020-08-20,2020-09-16,0.374164057168459,0,train
2020-08-20,-0.0395047169811321,0.259111923825844,2020-08-21,2020-08-27,0.374072892672094,0,train,-0.0683962264150945,0.262964743878555,2020-08-21,2020-09-17,0.374059909695881,0,train
2020-08-21,-0.0106951871657756,0.297046144173311,2020-08-24,2020-08-28,0.373985994546749,0,train,-0.0457516339869283,0.26788259978671,2020-08-24,2020-09-18,0.373924419430075,0,train
2020-08-24,0.0138138138138136,0.303142286413601,2020-08-25,2020-08-31,0.373899096421404,0,train,-0.067867867867868,0.29162235530203,2020-08-25,2020-09-21,0.373788929164269,0,train
2020-08-25,0.0405654578979716,0.255874534294543,2020-08-26,2020-09-01,0.373891317625299,0,train,-0.0503995082974802,0.280330139467724,2020-08-26,2020-09-22,0.373653438898463,0,train
2020-08-26,0.0313820156910078,0.230447944564165,2020-08-27,2020-09-02,0.373883538829195,0,train,-0.0748340374170188,0.274125578732699,2020-08-27,2020-09-23,0.373517948632657,0,train
2020-08-27,0.0527931246163291,0.197704182336309,2020-08-28,2020-09-03,0.37387576003309,0,train,-0.0583179864947821,0.267377262155335,2020-08-28,2020-09-24,0.373468032276148,0,train
2020-08-28,0.0210210210210211,0.137459115477729,2020-08-31,2020-09-04,0.373867981236985,0,train,-0.0816816816816817,0.25613382088174,2020-08-31,2020-09-25,0.373418115919638,0,train
2020-08-31,0.00888625592417074,0.097803258165085,2020-09-01,2020-09-07,0.373074018269115,0,train,-0.0876777251184834,0.252745842774574,2020-09-01,2020-09-28,0.373368199563128,0,train
2020-09-01,-0.00295333727111633,0.114321300253943,2020-09-02,2020-09-08,0.372280055301245,0,train,-0.077968103957472,0.257063524989896,2020-09-02,2020-09-29,0.373318283206618,0,train
2020-09-02,-0.0351082504388531,0.190128802861461,2020-09-03,2020-09-09,0.371486092333375,0,train,-0.053247513165594,0.284909530753414,2020-09-03,2020-09-30,0.373196770743772,0,train
2020-09-03,-0.041399416909621,0.189722668767677,2020-09-04,2020-09-10,0.370692129365505,0,train,-0.0320699708454813,0.298820182940799,2020-09-04,2020-10-09,0.373075258280926,0,train
2020-09-04,-0.0152941176470589,0.220424440164301,2020-09-07,2020-09-11,0.370474692741239,0,train,-0.0294117647058826,0.297961641049493,2020-09-07,2020-10-12,0.37295374581808,0,train
2020-09-07,-0.00352319436288919,0.240448385260534,2020-09-08,2020-09-14,0.370257256116973,0,train,-0.0452143276570759,0.302402139584197,2020-09-08,2020-10-13,0.372832233355234,0,train
2020-09-08,-0.0195497630331755,0.292445710099655,2020-09-09,2020-09-15,0.370039819492707,0,train,-0.0539099526066352,0.307476028974768,2020-09-09,2020-10-14,0.37265209941409,0,train
2020-09-09,-0.0339599757428747,0.362576739820211,2020-09-10,2020-09-16,0.36982238286844,0,train,-0.0448756822316558,0.300135446035625,2020-09-10,2020-10-15,0.372471965472946,0,train
2020-09-10,-0.0389294403892946,0.366580417188546,2020-09-11,2020-09-17,0.369716852264535,0,train,-0.0444038929440391,0.300077602640226,2020-09-11,2020-10-16,0.372291831531801,0,train
2020-09-11,-0.0406212664277181,0.362389286618755,2020-09-14,2020-09-18,0.369611321660629,0,train,-0.0669056152927122,0.293840147181449,2020-09-14,2020-10-19,0.372111697590657,0,train
2020-09-14,-0.0854449027695933,0.425321341286143,2020-09-15,2020-09-21,0.369505791056724,1,train,-0.070123747790218,0.292069127115086,2020-09-15,2020-10-20,0.371956681035078,0,train
2020-09-15,-0.066465256797583,0.387652315907027,2020-09-16,2020-09-22,0.369400260452818,1,train,-0.0368580060422962,0.280487570061675,2020-09-16,2020-10-21,0.3718016644795,0,train
2020-09-16,-0.0376647834274952,0.282599049135191,2020-09-17,2020-09-23,0.369187894895528,0,train,-0.00376647834274953,0.246065560266085,2020-09-17,2020-10-22,0.371646647923921,0,train
2020-09-17,-0.0291139240506328,0.276585545983525,2020-09-18,2020-09-24,0.368975529338238,0,train,-0.0234177215189873,0.26393800717765,2020-09-18,2020-10-23,0.371491631368342,0,train
2020-09-18,-0.047945205479452,0.252210625256356,2020-09-21,2020-09-25,0.368763163780948,0,train,-0.0529265255292653,0.262497759397792,2020-09-21,2020-10-26,0.371443561523958,0,train
2020-09-21,-0.00773195876288657,0.0851040394092461,2020-09-22,2020-09-28,0.369400260452818,0,train,-0.0103092783505155,0.235327833555195,2020-09-22,2020-10-27,0.371395491679573,0,train
2020-09-22,0.0103559870550162,0.124332025019291,2020-09-23,2020-09-29,0.369716852264535,0,train,0.0168284789644012,0.248028003789456,2020-09-23,2020-10-28,0.371347421835189,0,train
2020-09-23,0.0554468362687541,0.277886103193777,2020-09-24,2020-09-30,0.369611321660629,0,train,0.0176125244618394,0.247737614034872,2020-09-24,2020-10-29,0.371299351990804,0,train
2020-09-24,0.0821382007822684,0.332112254175645,2020-09-25,2020-10-09,0.369505791056724,0,train,0.0358539765319424,0.256209423408103,2020-09-25,2020-10-30,0.371283747115219,0,train
2020-09-25,0.0791366906474819,0.33406800172664,2020-09-28,2020-10-12,0.369400260452818,0,train,0.0477436232831913,0.257576149981468,2020-09-28,2020-11-02,0.371268142239633,0,train
2020-09-28,0.0558441558441558,0.346167371727591,2020-09-29,2020-10-13,0.369187894895528,0,train,0.0220779220779218,0.263847466872789,2020-09-29,2020-11-03,0.371252537364048,0,train
2020-09-29,0.0230621396540678,0.356242571497565,2020-09-30,2020-10-14,0.368975529338238,0,train,0.00768737988468893,0.259440079409355,2020-09-30,2020-11-04,0.371236932488462,0,train
2020-09-30,-0.0265760197775032,0.267918537412072,2020-10-09,2020-10-15,0.368763163780948,0,train,-0.0321384425216319,0.226612396025243,2020-10-09,2020-11-05,0.371096702268435,0,train
2020-10-09,-0.0536144578313252,0.197501783633618,2020-10-12,2020-10-16,0.368550798223658,0,train,-0.0487951807228918,0.20961752885113,2020-10-12,2020-11-06,0.370956472048407,0,train
2020-10-12,-0.0533333333333333,0.19705457126537,2020-10-13,2020-10-19,0.36827228041305,0,train,-0.00909090909090948,0.242452903248278,2020-10-13,2020-11-09,0.37081624182838,0,train
2020-10-13,-0.029520295202952,0.182331319111857,2020-10-14,2020-10-20,0.367993762602443,0,train,0.015375153751537,0.239318314359108,2020-10-14,2020-11-10,0.370676011608353,0,train
2020-10-14,-0.0018785222291798,0.148497702392108,2020-10-15,2020-10-21,0.367715244791835,0,train,0.0494677520350653,0.236724557973116,2020-10-15,2020-11-11,0.370665959270194,0,train
2020-10-15,0.00761904761904764,0.115454701882984,2020-10-16,2020-10-22,0.367436726981228,0,train,0.0609523809523805,0.231789743466432,2020-10-16,2020-11-12,0.370655906932036,0,train
2020-10-16,-0.0178230426479949,0.22988696868797,2020-10-19,2020-10-23,0.367239121684408,0,train,0.0598345003182682,0.231965609185795,2020-10-19,2020-11-13,0.370645854593877,0,train
2020-10-19,-0.0262483994878361,0.248149473964854,2020-10-20,2020-10-26,0.367041516387588,0,train,0.0768245838668369,0.233864017450856,2020-10-20,2020-11-16,0.370635802255719,0,train
2020-10-20,-0.026615969581749,0.24738128522889,2020-10-21,2020-10-27,0.366843911090769,0,train,0.0836501901140679,0.238365628520789,2020-10-21,2020-11-17,0.370612938926322,0,train
2020-10-21,-0.0144291091593475,0.285749493169802,2020-10-22,2020-10-28,0.366646305793949,0,train,0.0765370138017561,0.235988114934102,2020-10-22,2020-11-18,0.370590075596925,0,train
2020-10-22,-0.0170132325141777,0.288383224905036,2020-10-23,2020-10-29,0.366629833642598,0,train,0.104599873976055,0.247346591825355,2020-10-23,2020-11-19,0.370567212267528,0,train
2020-10-23,0.0298120544394036,0.245803889895618,2020-10-26,2020-10-30,0.366613361491248,0,train,0.150356448476992,0.230606124328872,2020-10-26,2020-11-20,0.370544348938131,0,train
2020-10-26,0.0532544378698223,0.231023368718102,2020-10-27,2020-11-02,0.366596889339897,0,train,0.140696909927678,0.239011943422439,2020-10-27,2020-11-23,0.37048151885387,0,train
2020-10-27,0.0247395833333331,0.25335327833165,2020-10-28,2020-11-03,0.366580417188546,0,train,0.140624999999999,0.238979431333984,2020-10-28,2020-11-24,0.370418688769609,0,train
2020-10-28,0.00127307447485655,0.196528646782088,2020-10-29,2020-11-04,0.366467060031783,0,train,0.120305537873965,0.225779770435505,2020-10-29,2020-11-25,0.370355858685348,0,train
2020-10-29,0.00384615384615364,0.192711434135772,2020-10-30,2020-11-05,0.36635370287502,0,train,0.149999999999999,0.234451227565872,2020-10-30,2020-11-26,0.370293028601087,0,train
2020-10-30,-0.00629326620516069,0.153243298084439,2020-11-02,2020-11-06,0.366240345718257,0,train,0.135305223410949,0.226013274435092,2020-11-02,2020-11-27,0.370285857859766,0,train
2020-11-02,0.0205992509363294,0.285224786430989,2020-11-03,2020-11-09,0.366126988561494,0,train,0.137952559300873,0.227219246185904,2020-11-03,2020-11-30,0.370278687118445,0,train
2020-11-03,0.0489199491740785,0.265448542092019,2020-11-04,2020-11-10,0.366111859104617,0,train,0.154383735705209,0.218741934916056,2020-11-04,2020-12-01,0.370271516377125,0,train
2020-11-04,0.0654799745708835,0.28605282016043,2020-11-05,2020-11-11,0.366096729647739,0,train,0.187539732994278,0.239787248955254,2020-11-05,2020-12-02,0.370264345635804,0,train
2020-11-05,0.0670498084291186,0.285085200010022,2020-11-06,2020-11-12,0.366081600190861,0,train,0.196679438058748,0.239534682485456,2020-11-06,2020-12-03,0.370253049595764,0,train
2020-11-06,0.0544648511716275,0.280144777412662,2020-11-09,2020-11-13,0.366066470733984,0,train,0.231158961367954,0.271037120979942,2020-11-09,2020-12-04,0.370241753555724,0,train
2020-11-09,0.0287461773700305,0.149887883151105,2020-11-10,2020-11-16,0.366007930600662,0,train,0.210187319516495,0.24918145284541,2020-11-10,2020-12-07,0.370230457515684,0,train
2020-11-10,0.0357359176256813,0.177269227500923,2020-11-11,2020-11-17,0.36594939046734,0,train,0.196491364227639,0.246841034005582,2020-11-11,2020-12-08,0.370219161475644,0,train
2020-11-11,0.0238663484486872,0.14373261211733,2020-11-12,2020-11-18,0.365890850334018,0,train,0.187044362156879,0.242322293159247,2020-11-12,2020-12-09,0.370181512946775,0,train
2020-11-12,0.0490724117295032,0.207714210954442,2020-11-13,2020-11-19,0.365832310200696,0,train,0.258648850037256,0.312309347588538,2020-11-13,2020-12-10,0.370143864417905,0,train
2020-11-13,0.0660660660660658,0.224349239590263,2020-11-16,2020-11-20,0.365821541110509,0,train,0.28725137393661,0.319158628210639,2020-11-16,2020-12-11,0.370106215889036,0,train
2020-11-16,0.0315101070154576,0.267049589384261,2020-11-17,2020-11-23,0.365810772020322,0,train,0.243978683024254,0.328392043897531,2020-11-17,2020-12-14,0.370068567360166,0,train
2020-11-17,0.0245614035087718,0.249738830068355,2020-11-18,2020-11-24,0.365800002930135,0,train,0.259076381762204,0.33866505375864,2020-11-18,2020-12-15,0.369865782183834,0,train
2020-11-18,0.0256410256410254,0.250593755384753,2020-11-19,2020-11-25,0.365789233839948,0,train,0.272345481816233,0.342058745085102,2020-11-19,2020-12-16,0.369662997007502,0,train
2020-11-19,0.0233884768967482,0.241480953461614,2020-11-20,2020-11-26,0.365640025774597,0,train,0.268349204785429,0.339761303375424,2020-11-20,2020-12-17,0.369460211831171,0,train
2020-11-20,0.0163380281690139,0.228102641061809,2020-11-23,2020-11-27,0.365490817709246,0,train,0.309982502255875,0.372467460243894,2020-11-23,2020-12-18,0.369257426654839,1,train
2020-11-23,0.0507204610951006,0.177142044271641,2020-11-24,2020-11-30,0.365341609643895,0,train,0.42882197586957,0.428795822084642,2020-11-24,2020-12-21,0.369253908350058,1,train
2020-11-24,0.0371004566210044,0.164728095969743,2020-11-25,2020-12-01,0.365192401578545,0,train,0.304308009310489,0.515956014416127,2020-11-25,2020-12-22,0.369250390045278,1,train
2020-11-25,0.0613636363636361,0.254380009239085,2020-11-26,2020-12-02,0.365161329346557,0,train,0.263919979741706,0.524467145695681,2020-11-26,2020-12-23,0.369246871740498,1,train
2020-11-26,0.0445930880713487,0.216276769144821,2020-11-27,2020-12-03,0.365130257114569,0,train,0.250832393959437,0.520972219076747,2020-11-27,2020-12-24,0.369243353435718,1,train
2020-11-27,0.0776053215077603,0.336154713369738,2020-11-30,2020-12-04,0.365099184882581,0,train,0.276917280694711,0.528839004905767,2020-11-30,2020-12-25,0.369113642795421,1,train
2020-11-30,0.0853846776793585,0.351004873490439,2020-12-01,2020-12-07,0.365068112650593,0,train,0.218458661149624,0.543109928750728,2020-12-01,2020-12-28,0.368983932155125,1,train
2020-12-01,0.0871806507098693,0.350418002407523,2020-12-02,2020-12-08,0.364877469410562,0,train,0.204600929322722,0.545497190105231,2020-12-02,2020-12-29,0.368854221514829,1,train
2020-12-02,0.0650355197938599,0.294473924012711,2020-12-03,2020-12-09,0.364686826170531,0,train,0.140985249294674,0.544803147325989,2020-12-03,2020-12-30,0.368724510874533,1,train
2020-12-03,0.122306418576444,0.491848176956907,2020-12-04,2020-12-10,0.3644961829305,1,train,0.151202052422387,0.546380982326193,2020-12-04,2020-12-31,0.368660913554624,1,train
2020-12-04,0.102506963788301,0.438275635143451,2020-12-07,2020-12-11,0.364305539690469,1,train,0.135933147632312,0.537065288843966,2020-12-07,2021-01-04,0.368597316234715,1,train
2020-12-07,0.057471264367816,0.453283718798407,2020-12-08,2020-12-14,0.36419145806522,1,train,0.137383689107827,0.537613150534026,2020-12-08,2021-01-05,0.368533718914805,1,train
2020-12-08,0.0899122807017542,0.496465979994969,2020-12-09,2020-12-15,0.364077376439971,1,train,0.133223684210526,0.537911537320442,2020-12-09,2021-01-06,0.368470121594896,1,train
2020-12-09,0.0974414806750135,0.503781132134804,2020-12-10,2020-12-16,0.363963294814722,1,train,0.155688622754491,0.545634681045017,2020-12-10,2021-01-07,0.368329235884151,1,train
2020-12-10,0.0571575695159628,0.338744228221211,2020-12-11,2020-12-17,0.364305539690469,0,train,0.0993820803295571,0.509105090233887,2020-12-11,2021-01-08,0.368188350173405,1,train
2020-12-11,0.0848913592723597,0.444760269383057,2020-12-14,2020-12-18,0.364877469410562,1,train,0.0570995452248611,0.509819379858621,2020-12-14,2021-01-11,0.36804746446266,1,train
2020-12-14,0.184782608695652,0.612710023876293,2020-12-15,2020-12-21,0.365130257114569,1,train,0.0859213250517599,0.50273233602124,2020-12-15,2021-01-12,0.367906578751915,1,train
2020-12-15,0.0613682092555332,0.817579258508458,2020-12-16,2020-12-22,0.365341609643895,1,train,0.040744466800805,0.494867489977512,2020-12-16,2021-01-13,0.36787848359582,1,train
2020-12-16,0.0188492063492064,0.833692771671766,2020-12-17,2020-12-23,0.365789233839948,1,train,0.0466269841269844,0.497273208362799,2020-12-17,2021-01-14,0.367850388439726,1,train
2020-12-17,0.00925474914758877,0.825960223012138,2020-12-18,2020-12-24,0.365640025774597,1,train,0.0258158792011692,0.493110986675934,2020-12-18,2021-01-15,0.367822293283631,1,train
2020-12-18,-0.0093153237074989,0.784720046600132,2020-12-21,2020-12-25,0.365810772020322,1,train,0.00186306474149988,0.472796499794549,2020-12-21,2021-01-18,0.367906578751915,1,train
2020-12-21,-0.103975535168196,0.6897749303434,2020-12-22,2020-12-28,0.365890850334018,1,train,-0.0860637833114897,0.426149175297418,2020-12-22,2021-01-19,0.368329235884151,1,train
2020-12-22,-0.04218009478673,0.390591408000644,2020-12-23,2020-12-29,0.366066470733984,1,train,0.00379146919431273,0.316200491703031,2020-12-23,2021-01-20,0.368597316234715,0,train
2020-12-23,-0.0418695228821812,0.389471332435386,2020-12-24,2020-12-30,0.366111859104617,1,train,0.0331061343719571,0.301514360931854,2020-12-24,2021-01-21,0.368854221514829,0,train
2020-12-24,-0.0386100386100386,0.394025557627503,2020-12-25,2020-12-31,0.36635370287502,1,train,0.0101351351351352,0.303870927937088,2020-12-25,2021-01-22,0.369243353435718,0,train
2020-12-25,-0.0413728255759286,0.384803478162574,2020-12-28,2021-01-04,0.366596889339897,1,train,-0.0155148095909731,0.289296478279551,2020-12-28,2021-01-25,0.369253908350058,0,train
2020-12-28,0.0131643100926378,0.315344955393361,2020-12-29,2021-01-05,0.366646305793949,0,train,-0.000487567040467885,0.269618293466141,2020-12-29,2021-01-26,0.369662997007502,0,train
2020-12-29,0.0227610094012865,0.299865514339732,2020-12-30,2021-01-06,0.367239121684408,0,train,0.0306778822365168,0.270502413464169,2020-12-30,2021-01-27,0.370106215889036,0,train
2020-12-30,0.0787601626016261,0.300569185404323,2020-12-31,2021-01-07,0.367993762602443,0,train,0.00152439024390267,0.320563302334757,2020-12-31,2021-01-28,0.370219161475644,0,train
2020-12-31,0.0717871485943777,0.290754001508334,2021-01-04,2021-01-08,0.368763163780948,0,train,-0.006024096385542,0.318073992416068,2021-01-04,2021-01-29,0.370253049595764,0,train
2021-01-04,0.0259931338891616,0.279270898508775,2021-01-05,2021-01-11,0.369400260452818,0,train,-0.0411966650318783,0.310407941719596,2021-01-05,2021-02-01,0.370278687118445,0,train
2021-01-05,0.00962463907603483,0.245588554181013,2021-01-06,2021-01-12,0.369187894895528,0,train,-0.101539942252165,0.344322834403479,2021-01-06,2021-02-02,0.370355858685348,0,train
2021-01-06,0.000967585873246519,0.262027693019601,2021-01-07,2021-01-13,0.368975529338238,0,train,-0.0827285921625544,0.348133215216191,2021-01-07,2021-02-03,0.370544348938131,0,train
2021-01-07,-0.00612341026848774,0.228142901446357,2021-01-08,2021-01-14,0.368763163780948,0,train,-0.066415449835139,0.370117927926807,2021-01-08,2021-02-04,0.370612938926322,0,train
2021-01-08,-0.013583138173302,0.225009913708303,2021-01-11,2021-01-15,0.368550798223658,0,train,-0.0590163934426231,0.372684546187265,2021-01-11,2021-02-05,0.370655906932036,1,train
2021-01-11,0.0282026768642448,0.228680164806395,2021-01-12,2021-01-18,0.36827228041305,0,train,-0.0172084130019123,0.374721265002002,2021-01-12,2021-02-08,0.37081624182838,1,train
2021-01-12,-0.00285986653956151,0.301441279621213,2021-01-13,2021-01-19,0.367993762602443,0,train,0.0123927550047664,0.391986208334563,2021-01-13,2021-02-09,0.371236932488462,1,train
2021-01-13,0.0236829386176895,0.297979054984778,2021-01-14,2021-01-20,0.367715244791835,0,train,0.0357660705654903,0.39014272766939,2021-01-14,2021-02-10,0.371283747115219,1,train
2021-01-14,0.00568720379146889,0.263751212146223,2021-01-15,2021-01-21,0.367436726981228,0,train,0.0725118483412319,0.429841668267906,2021-01-15,2021-02-18,0.371395491679573,1,train
2021-01-15,-0.00617283950617308,0.280938912679603,2021-01-18,2021-01-22,0.367239121684408,0,train,0.0607787274453938,0.432220428854124,2021-01-18,2021-02-19,0.371646647923921,1,train
2021-01-18,-0.0264993026499303,0.237506294746075,2021-01-19,2021-01-25,0.367041516387588,0,train,0.0590423059042303,0.431248724805993,2021-01-19,2021-02-22,0.372111697590657,1,train
2021-01-19,-0.0200764818355641,0.20038231655997,2021-01-20,2021-01-26,0.366843911090769,0,train,0.0583173996175906,0.431811619318493,2021-01-20,2021-02-23,0.372378519580585,1,train
2021-01-20,-0.0165250236071765,0.212877586774025,2021-01-21,2021-01-27,0.366646305793949,0,train,0.0665722379603398,0.435477134399359,2021-01-21,2021-02-24,0.372289578917276,1,train
2021-01-21,-0.0711592836946276,0.446192338136231,2021-01-22,2021-01-28,0.366629833642598,1,train,0.065975494816211,0.435451112217832,2021-01-22,2021-02-25,0.372200638253966,1,train
2021-01-22,-0.0539894887720974,0.436566415666921,2021-01-25,2021-01-29,0.366613361491248,1,train,0.0998566650740563,0.437153668950867,2021-01-25,2021-02-26,0.372111697590657,1,train
2021-01-25,-0.0663801337153773,0.445776029589521,2021-01-26,2021-02-01,0.366596889339897,1,train,0.0816618911174783,0.440917962134387,2021-01-26,2021-03-01,0.371956681035078,1,train
2021-01-26,-0.0892682926829269,0.531882695123886,2021-01-27,2021-02-02,0.366580417188546,1,train,0.126341463414634,0.439761767816315,2021-01-27,2021-03-02,0.3718016644795,1,train
2021-01-27,-0.0897743638982239,0.531055596032584,2021-01-28,2021-02-03,0.366467060031783,1,train,0.107537205952952,0.436103900987269,2021-01-28,2021-03-03,0.371646647923921,1,train
2021-01-28,0.00558092338914237,0.476704976154952,2021-01-29,2021-02-04,0.366613361491248,1,train,0.191780821917808,0.394715621385142,2021-01-29,2021-03-04,0.371491631368342,1,train
2021-01-29,0.0146464646464646,0.4852099696568,2021-02-01,2021-02-05,0.366843911090769,1,train,0.138888888888889,0.420183577025859,2021-02-01,2021-03-05,0.371443561523958,1,train
2021-02-01,0.0516624040920715,0.504226119317825,2021-02-02,2021-02-08,0.367436726981228,1,train,0.169820971867007,0.420739401231259,2021-02-02,2021-03-08,0.371395491679573,1,train
2021-02-02,0.137653990358864,0.447988427167675,2021-02-03,2021-02-09,0.36827228041305,1,train,0.104981253347616,0.533079587470825,2021-02-03,2021-03-09,0.371347421835189,1,train
2021-02-03,0.130274261603376,0.438995400403431,2021-02-04,2021-02-10,0.369187894895528,1,train,0.0975738396624471,0.531160322829149,2021-02-04,2021-03-10,0.371299351990804,1,train
2021-02-04,0.141775983854692,0.493108000651354,2021-02-05,2021-02-18,0.369716852264535,1,train,0.10343087790111,0.537063952555897,2021-02-05,2021-03-11,0.371283747115219,1,train
2021-02-05,0.111996017919363,0.492252347759924,2021-02-08,2021-02-19,0.370474692741239,1,train,0.0542558486809356,0.54688254066418,2021-02-08,2021-03-12,0.371395491679573,1,train
2021-02-08,0.107976653696498,0.484285414383151,2021-02-09,2021-02-22,0.373074018269115,1,train,0.00680933852140067,0.546775574639898,2021-02-09,2021-03-15,0.371646647923921,1,train
2021-02-09,0.042372881355932,0.471274010821178,2021-02-10,2021-02-23,0.373891317625299,1,train,0.00753295668549878,0.547319978052125,2021-02-10,2021-03-16,0.372111697590657,1,train
2021-02-10,0.0541297246850209,0.488372259383233,2021-02-18,2021-02-24,0.374159790797438,1,train,-0.00326644890340667,0.546446664190789,2021-02-18,2021-03-17,0.372378519580585,1,train
2021-02-18,-0.000441891294741601,0.298295067539248,2021-02-19,2021-02-25,0.375227436740903,0,train,-0.0375607600530272,0.515729906762635,2021-02-19,2021-03-18,0.37257600321558,1,train
2021-02-19,0.0304386750223813,0.309970962012646,2021-02-22,2021-02-26,0.375959070000012,0,train,-0.0671441360787826,0.537034293830592,2021-02-22,2021-03-19,0.372721467979257,1,train
2021-02-22,-0.00570676031606671,0.300236551385388,2021-02-23,2021-03-01,0.376650163010812,0,train,-0.118086040386304,0.548214485414711,2021-02-23,2021-03-22,0.372832233355234,1,train
2021-02-23,0.0429087624209576,0.260517992100018,2021-02-24,2021-03-02,0.377161899509715,0,train,-0.0609756097560978,0.552347196525483,2021-02-24,2021-03-23,0.373196770743772,1,train
2021-02-24,0.0212483399734397,0.217949485976173,2021-02-25,2021-03-03,0.377373949298177,0,train,-0.0677290836653389,0.549621620370865,2021-02-25,2021-03-24,0.373418115919638,1,train
2021-02-25,0.0384615384615385,0.252623445361516,2021-02-26,2021-03-04,0.377373949298177,0,train,-0.0561450044208668,0.551741269955736,2021-02-26,2021-03-25,0.373653438898463,1,train
2021-02-26,-0.0204170286707212,0.363859681454857,2021-03-01,2021-03-05,0.377373949298177,0,train,-0.0543006081668119,0.552565646461789,2021-03-01,2021-03-26,0.374059909695881,1,train
2021-03-01,0.00971302428256064,0.359399841707516,2021-03-02,2021-03-08,0.377373949298177,0,train,-0.00838852097130284,0.560614270914255,2021-03-02,2021-03-29,0.374372352113614,1,train
2021-03-02,-0.106539627544392,0.803761742031051,2021-03-03,2021-03-09,0.377373949298177,1,train,-0.0485058466868778,0.561920694020077,2021-03-03,2021-03-30,0.374598882294097,1,train
2021-03-03,-0.0979627221499784,0.806100955491392,2021-03-04,2021-03-10,0.377161899509715,1,train,-0.0831344198157763,0.577824927435139,2021-03-04,2021-03-31,0.374740373091789,1,train
2021-03-04,-0.0689655172413794,0.870515194450338,2021-03-05,2021-03-11,0.376650163010812,1,train,-0.0564871055605528,0.597702922227465,2021-03-05,2021-04-01,0.374773079378127,1,train
2021-03-05,-0.0607538802660754,0.851782727095708,2021-03-08,2021-03-12,0.375959070000012,1,train,-0.0136302872852931,0.579995748400058,2021-03-08,2021-04-02,0.374904898909427,1,train
2021-03-08,-0.094884127678181,0.86140090579226,2021-03-09,2021-03-15,0.375227436740903,1,train,-0.0353791426655499,0.578568555253817,2021-03-09,2021-04-06,0.375068437436867,1,train
2021-03-09,0.0373242850218128,0.512088740418904,2021-03-10,2021-03-16,0.375227436740903,1,train,0.0941383142490349,0.455492285502071,2021-03-10,2021-04-07,0.375175909781874,1,train
2021-03-10,0.0264296011532916,0.508534791931161,2021-03-11,2021-03-17,0.375227436740903,1,train,0.0726648800120453,0.456162470557106,2021-03-11,2021-04-08,0.375277927226168,1,train
2021-03-11,-0.00411522633744862,0.391553432731868,2021-03-12,2021-03-18,0.375227436740903,1,train,0.0170387298452968,0.420884581636365,2021-03-12,2021-04-09,0.375329176547259,1,train
2021-03-12,-0.016052880075543,0.44678143621061,2021-03-15,2021-03-19,0.375227436740903,1,train,0.0877161631282752,0.423958759126588,2021-03-15,2021-04-12,0.375329176547259,1,train
2021-03-15,-0.0294685990338165,0.490749156460976,2021-03-16,2021-03-22,0.375959070000012,1,train,0.122267933596111,0.417130476801854,2021-03-16,2021-04-13,0.375374656459597,1,train
2021-03-16,-0.0285046728971964,0.494178370443109,2021-03-17,2021-03-23,0.376650163010812,1,train,0.0738798577351667,0.401915140598965,2021-03-17,2021-04-14,0.375440792432348,1,train
2021-03-17,-0.0140449438202249,0.502421475287931,2021-03-18,2021-03-24,0.377161899509715,1,train,0.115246244030535,0.421609283696615,2021-03-18,2021-04-15,0.375440792432348,1,train
2021-03-18,-0.0197428833792472,0.492690893248629,2021-03-19,2021-03-25,0.377373949298177,1,train,0.0911322494475636,0.415991275077803,2021-03-19,2021-04-16,0.375440792432348,1,train
2021-03-19,0.0446257197696734,0.404689808235262,2021-03-22,2021-03-26,0.377525066012196,1,train,0.155611176502113,0.388267379334336,2021-03-22,2021-04-19,0.375856581726341,1,train
2021-03-22,0.117969138875062,0.380971051032246,2021-03-23,2021-03-29,0.377615086731665,1,train,0.243988401726872,0.388732523941461,2021-03-23,2021-04-20,0.375856581726341,1,train
2021-03-23,0.0567580567580566,0.332474642103131,2021-03-24,2021-03-30,0.378144636911514,0,train,0.202649680933031,0.369235773205008,2021-03-24,2021-04-21,0.375856581726341,0,train
2021-03-24,0.00437269396249046,0.417962753343636,2021-03-25,2021-03-31,0.378787327586158,1,train,0.177521799634864,0.367541605543516,2021-03-25,2021-04-22,0.375856581726341,0,train
2021-03-25,0.038085147090521,0.524537913037613,2021-03-26,2021-04-01,0.380061179296532,1,train,0.175361399242933,0.366737547694843,2021-03-26,2021-04-23,0.375856581726341,0,train
2021-03-26,0.0217104741257073,0.506615204902164,2021-03-29,2021-04-02,0.381557258749589,1,train,0.19443068195799,0.381655557709645,2021-03-29,2021-04-26,0.375856581726341,1,train
2021-03-29,-0.017770302438162,0.459326785330943,2021-03-30,2021-04-06,0.381691679437304,1,train,0.171898151004521,0.367771342080124,2021-03-30,2021-04-27,0.375856581726341,0,train
2021-03-30,0.0274043433298862,0.461417772835389,2021-03-31,2021-04-07,0.381691679437304,1,train,0.177352637021717,0.364617945028837,2021-03-31,2021-04-28,0.375856581726341,0,train
2021-03-31,0.0553168635875403,0.382895496919834,2021-04-01,2021-04-08,0.382336236948563,1,train,0.20998925886144,0.340917446355415,2021-04-01,2021-04-29,0.37646709641607,0,train
2021-04-01,0.00358790363915948,0.193331050400023,2021-04-02,2021-04-09,0.382839406963771,0,train,0.115838031778576,0.321858443196679,2021-04-02,2021-04-30,0.376733294428192,0,train
2021-04-02,0.0357507660878446,0.314511779255812,2021-04-06,2021-04-12,0.3833365970359,0,train,0.209397344228805,0.438798662504961,2021-04-06,2021-05-06,0.377224837155053,1,train
2021-04-06,0.0530381050463439,0.314700757376805,2021-04-07,2021-04-13,0.38446795740541,0,train,0.263130792996911,0.455375141047095,2021-04-07,2021-05-07,0.377728411184766,1,train
2021-04-07,0.0181177654755913,0.280151941679798,2021-04-08,2021-04-14,0.385606740795326,0,train,0.334675390035229,0.526704381017991,2021-04-08,2021-05-10,0.377787868974356,1,train
2021-04-08,0.067175572519084,0.370524478033651,2021-04-09,2021-04-15,0.385606740795326,0,train,0.329770992366413,0.527845759907036,2021-04-09,2021-05-11,0.377870565327418,1,train
2021-04-09,0.0684371807967313,0.370045578558459,2021-04-12,2021-04-16,0.38446795740541,0,train,0.365679264555669,0.534013563407287,2021-04-12,2021-05-12,0.378063396176643,1,train
2021-04-12,0.0453648915187378,0.289233064158304,2021-04-13,2021-04-19,0.38446795740541,0,train,0.199704142011835,0.618083144409614,2021-04-13,2021-05-13,0.37834967028082,1,train
2021-04-13,0.075794621026895,0.386387495319124,2021-04-14,2021-04-20,0.38446795740541,1,train,0.14718826405868,0.630757848556308,2021-04-14,2021-05-14,0.378772616561276,1,train
2021-04-14,0.0879881364310431,0.378694290556726,2021-04-15,2021-04-21,0.38446795740541,0,train,0.183885318833416,0.633849734627754,2021-04-15,2021-05-17,0.379315254123183,1,train
2021-04-15,0.0410109680495947,0.285932008799005,2021-04-16,2021-04-22,0.3833365970359,0,train,0.185026227944683,0.634546477296651,2021-04-16,2021-05-18,0.379613626458261,1,train
2021-04-16,0.0559273422562143,0.297548429812043,2021-04-19,2021-04-23,0.3833365970359,0,train,0.140057361376673,0.651025400653507,2021-04-19,2021-05-19,0.380162702751895,1,train
2021-04-19,0.0797169811320757,0.378697066784947,2021-04-20,2021-04-26,0.3833365970359,0,train,0.0778301886792455,0.666876038077577,2021-04-20,2021-05-20,0.381014954542687,1,train
2021-04-20,0.0531818181818185,0.285849752958935,2021-04-21,2021-04-27,0.38446795740541,0,train,-0.00318181818181807,0.669862067418239,2021-04-21,2021-05-21,0.381402695906883,1,train
2021-04-21,0.0345297592003638,0.311422777157698,2021-04-22,2021-04-28,0.38446795740541,0,train,-0.0331667423898227,0.678320820442748,2021-04-22,2021-05-24,0.381402695906883,1,train
2021-04-22,0.0320659642693544,0.315030723705736,2021-04-23,2021-04-29,0.38446795740541,0,train,-0.0306917086578102,0.677991468066931,2021-04-23,2021-05-25,0.381402695906883,1,train
2021-04-23,-0.0144861928474421,0.389263068483136,2021-04-26,2021-04-30,0.38446795740541,1,train,-0.0995925758261656,0.711461472411495,2021-04-26,2021-05-26,0.381402695906883,1,train
2021-04-26,0.0345128877238971,0.666477435311947,2021-04-27,2021-05-06,0.38446795740541,1,train,-0.0856269113149847,0.72316007486107,2021-04-27,2021-05-27,0.381557425469345,1,train
2021-04-27,0.0586965904186448,0.70669946358791,2021-04-28,2021-05-07,0.38446795740541,1,train,-0.0824341821320674,0.724003819518537,2021-04-28,2021-05-28,0.381557425469345,1,train
2021-04-28,0.164690382081686,0.889264526265577,2021-04-29,2021-05-10,0.3833365970359,1,train,-0.0285463328941591,0.734965275322592,2021-04-29,2021-05-31,0.381557425469345,1,train
2021-04-29,0.159786950732357,0.892297442364844,2021-04-30,2021-05-11,0.382945526286346,1,train,0.0381713271193961,0.760281694908886,2021-04-30,2021-06-01,0.381557425469345,1,train
2021-04-30,0.228295819935691,0.873892103656173,2021-05-06,2021-05-12,0.382945526286346,1,train,0.0734956361966006,0.750467079935481,2021-05-06,2021-06-02,0.381557425469345,1,train
2021-05-06,0.0274493243243243,0.925660676511209,2021-05-07,2021-05-13,0.382945526286346,1,train,0.0084459459459457,0.692791462866379,2021-05-07,2021-06-03,0.381557425469345,1,train
2021-05-07,-0.0436200570729718,0.927896731549593,2021-05-10,2021-05-14,0.382945526286346,1,train,-0.0472890338361192,0.685683357486285,2021-05-10,2021-06-04,0.381557425469345,1,train
2021-05-10,-0.0969079939668175,0.758865623706516,2021-05-11,2021-05-17,0.382945526286346,1,train,-0.156862745098039,0.646600160689293,2021-05-11,2021-06-07,0.381646842639954,1,train
2021-05-11,-0.0489858400306163,0.79586476942576,2021-05-12,2021-05-18,0.3833365970359,1,train,-0.120551090700345,0.651729812277925,2021-05-12,2021-06-08,0.381683211177812,1,train
2021-05-12,-0.108077786088257,0.831617746192988,2021-05-13,2021-05-19,0.38446795740541,1,train,-0.121166791323859,0.651422028523976,2021-05-13,2021-06-09,0.381768222042602,1,train
2021-05-13,-0.0608302507192768,0.578310705795322,2021-05-14,2021-05-20,0.385606740795326,1,train,-0.0316481709823264,0.558595996913595,2021-05-14,2021-06-10,0.381912953062433,1,train
2021-05-14,-0.065217391304348,0.593914303532762,2021-05-17,2021-05-21,0.385942651310941,1,train,0.06308610400682,0.57978362240066,2021-05-17,2021-06-11,0.38217273756056,1,train
2021-05-17,-0.111482254697286,0.613859888846025,2021-05-18,2021-05-24,0.386281964009136,1,train,0.0233820459290188,0.578425533325168,2021-05-18,2021-06-15,0.382345977817902,1,train
2021-05-18,-0.148490945674044,0.55664163457622,2021-05-19,2021-05-25,0.386503493832142,1,train,-0.0362173038229375,0.569351053713589,2021-05-19,2021-06-16,0.382355651670316,1,train
2021-05-19,-0.166037735849057,0.646458417690654,2021-05-20,2021-05-26,0.386828069133581,1,train,0.0259958071278828,0.555623303201639,2021-05-20,2021-06-17,0.382399396125556,1,train
2021-05-20,-0.0840262582056892,0.675543368878424,2021-05-21,2021-05-27,0.387287844042043,1,train,0.0529540481400439,0.537771174822782,2021-05-21,2021-06-18,0.382447226978658,1,train
2021-05-21,-0.0305517555859552,0.619334680534732,2021-05-24,2021-05-28,0.387901579648015,1,train,0.0223438212494301,0.575079571825121,2021-05-24,2021-06-21,0.382486019582218,1,train
2021-05-24,0.0394736842105263,0.645912864145139,2021-05-25,2021-05-31,0.388649370870979,1,train,0.0704887218045114,0.567897190484309,2021-05-25,2021-06-22,0.382843481342055,1,train
2021-05-25,0.10538752362949,0.756748079777192,2021-05-26,2021-06-01,0.389109644080097,1,train,0.108695652173913,0.577066288006944,2021-05-26,2021-06-23,0.383576793799379,1,train
2021-05-26,0.174962292609351,0.616132600865047,2021-05-27,2021-06-02,0.389367200459261,1,train,0.170940170940171,0.534229037103505,2021-05-27,2021-06-24,0.384202646609768,1,train
2021-05-27,0.140946010511228,0.521718545165748,2021-05-28,2021-06-03,0.389489750121641,1,train,0.132345914954611,0.506466516287892,2021-05-28,2021-06-25,0.384237729428802,1,train
2021-05-28,0.099247412982126,0.532301301952545,2021-05-31,2021-06-04,0.389702807818402,1,train,0.125117591721543,0.504480395018738,2021-05-31,2021-06-28,0.384326069493617,1,train
2021-05-31,0.0108499095840868,0.549966040013354,2021-06-01,2021-06-07,0.390280018299455,1,train,0.04249547920434,0.50157711393486,2021-06-01,2021-06-29,0.384463189315735,1,train
2021-06-01,-0.0175288584865326,0.427888649117974,2021-06-02,2021-06-08,0.390707734812312,1,train,-0.00384779820436081,0.46223516417699,2021-06-02,2021-06-30,0.38461009818857,1,train
2021-06-02,0.00556268720581957,0.45638437040529,2021-06-03,2021-06-09,0.391102324805434,1,train,-0.00213949507916122,0.462235224167974,2021-06-03,2021-07-01,0.384727805405538,1,train
2021-06-03,-0.0134003350083751,0.43026223983591,2021-06-04,2021-06-10,0.391317723292816,1,train,-0.00963149078726973,0.4585598027587,2021-06-04,2021-07-02,0.384760449421861,1,train
2021-06-04,0.0671801454856655,0.570036729256883,2021-06-07,2021-06-11,0.3916130768764,1,train,0.0483525887890456,0.469163642845624,2021-06-07,2021-07-05,0.384846114459695,1,train
2021-06-07,0.0961538461538463,0.491746229309201,2021-06-08,2021-06-15,0.392002337646307,1,train,0.101073345259392,0.442518121712045,2021-06-08,2021-07-06,0.385011806593201,1,train
2021-06-08,0.0422106179286337,0.480662280426637,2021-06-09,2021-06-16,0.392643942753151,1,train,0.082680591818973,0.433344304951112,2021-06-09,2021-07-07,0.38528453189654,1,train
2021-06-09,0.041276595744681,0.478596342485749,2021-06-10,2021-06-17,0.393013241692043,1,train,0.0106382978723404,0.456838616042012,2021-06-10,2021-07-08,0.38556618784011,1,train
2021-06-10,0.0212224108658745,0.493068623263549,2021-06-11,2021-06-18,0.394121297703115,1,train,-0.0127334465195247,0.462704789668238,2021-06-11,2021-07-09,0.38586080390538,1,train
2021-06-11,-0.101042502004812,0.575329523357648,2021-06-15,2021-06-21,0.394121297703115,1,train,-0.0469125902165197,0.423316340954361,2021-06-15,2021-07-12,0.386413940765506,1,train
2021-06-15,-0.0705834353325173,0.573191458906988,2021-06-16,2021-06-22,0.394121297703115,1,train,-0.000407996736026033,0.432336059855735,2021-06-16,2021-07-13,0.387471159093641,1,train
2021-06-16,-0.0204592901878914,0.587562271509196,2021-06-17,2021-06-23,0.394869042602911,1,train,0.0183716075156576,0.42478067964384,2021-06-17,2021-07-14,0.387598045728883,1,train
2021-06-17,-0.0482223130363711,0.569773746234815,2021-06-18,2021-06-24,0.39642092032622,1,train,0.00858193706579482,0.419983000492829,2021-06-18,2021-07-15,0.387666480153443,1,train
2021-06-18,-0.0149625935162095,0.570614428346921,2021-06-21,2021-06-25,0.398871325638448,1,train,0.0315876974231089,0.416162711172376,2021-06-21,2021-07-16,0.387836309108276,1,train
2021-06-21,0.0669045495093666,0.280555282651835,2021-06-22,2021-06-28,0.404955160076396,0,train,0.0927743086529883,0.335432621754433,2021-06-22,2021-07-19,0.388371916491612,0,train
2021-06-22,0.0122914837576821,0.365366880164559,2021-06-23,2021-06-29,0.406304696082739,0,train,0.0825285338015803,0.3314387999125,2021-06-23,2021-07-20,0.388697276957946,0,train
2021-06-23,-0.00682011935208893,0.308692470327554,2021-06-24,2021-06-30,0.408020729536324,0,train,0.000852514919010975,0.359505821590423,2021-06-24,2021-07-21,0.389085074873443,0,train
2021-06-24,0.00128810648346912,0.304404887209529,2021-06-25,2021-07-01,0.409120541013171,0,train,-0.0227565478746244,0.3752327815992,2021-06-25,2021-07-22,0.39044495285865,0,train
2021-06-25,-0.00210970464135036,0.295406978101533,2021-06-28,2021-07-02,0.412001379554484,0,train,-0.0514767932489452,0.372683746141084,2021-06-28,2021-07-23,0.391510273403465,0,train
2021-06-28,0.0242474916387958,0.381838834195831,2021-06-29,2021-07-05,0.412001379554484,0,train,-0.0497491638795987,0.373307666751707,2021-06-29,2021-07-26,0.391988823489836,0,train
2021-06-29,0.06764960971379,0.281839302527702,2021-06-30,2021-07-06,0.412001379554484,0,train,-0.0377276669557676,0.360208430993599,2021-06-30,2021-07-27,0.392248526164722,0,train
2021-06-30,0.0678111587982833,0.28212134724501,2021-07-01,2021-07-07,0.412001379554484,0,train,-0.0236051502145921,0.369088320418051,2021-07-01,2021-07-28,0.393166717230452,0,train
2021-07-01,0.0184391080617496,0.434105019704316,2021-07-02,2021-07-08,0.412001379554484,1,train,-0.0441680960548884,0.376130850766574,2021-07-02,2021-07-29,0.393674226929211,0,train
2021-07-02,-0.0164904862579281,0.447660712741176,2021-07-05,2021-07-09,0.412001379554484,1,train,-0.131501057082452,0.472463584039549,2021-07-05,2021-07-30,0.39397879115538,1,train
2021-07-05,-0.0297959183673468,0.401585203543574,2021-07-06,2021-07-12,0.412001379554484,0,train,-0.139591836734694,0.464755221670369,2021-07-06,2021-08-02,0.394719434771416,1,train
2021-07-06,-0.0048740861088544,0.454073866757295,2021-07-07,2021-07-13,0.412001379554484,1,train,-0.136880584890333,0.46530582930044,2021-07-07,2021-08-03,0.395912545099196,1,train
2021-07-07,-0.0196945337620577,0.449045192030173,2021-07-08,2021-07-14,0.412001379554484,1,train,-0.142282958199357,0.464051790435802,2021-07-08,2021-08-04,0.399756367809913,1,train
2021-07-08,0.0391578947368423,0.31589754260496,2021-07-09,2021-07-15,0.412404216567677,0,train,-0.151604004698249,0.479215369675893,2021-07-09,2021-08-05,0.400968388465808,1,train
2021-07-09,0.067067927773001,0.281956355489053,2021-07-12,2021-07-16,0.413332163572889,0,train,-0.127394157255732,0.474173688339919,2021-07-12,2021-08-06,0.401918282658034,1,train
2021-07-12,0.0307109802271771,0.253529756279601,2021-07-13,2021-07-19,0.413332163572889,0,train,-0.186663996133688,0.498734398960496,2021-07-13,2021-08-09,0.402273711075505,1,train
2021-07-13,0.00653061224489794,0.142468544975181,2021-07-14,2021-07-20,0.414709088942208,0,train,-0.210435272940207,0.487043562895331,2021-07-14,2021-08-10,0.403504135981301,1,train
2021-07-14,-0.037310373103731,0.374770146537763,2021-07-15,2021-07-21,0.415549166019692,0,train,-0.189672863784961,0.492703764691617,2021-07-15,2021-08-11,0.404097402418847,1,train
2021-07-15,-0.0777957860615884,0.42696346522075,2021-07-16,2021-07-22,0.415549166019692,1,train,-0.229977075320748,0.510251000151118,2021-07-16,2021-08-12,0.404238848581665,1,train
2021-07-16,-0.0942788074133763,0.434059806601947,2021-07-19,2021-07-23,0.415549166019692,1,train,-0.231122530679982,0.510070390283635,2021-07-19,2021-08-13,0.40502087856333,1,train
2021-07-19,-0.0722448979591837,0.431376341374973,2021-07-20,2021-07-26,0.415549166019692,1,train,-0.212749354789738,0.509387920098795,2021-07-20,2021-08-16,0.40502087856333,1,train
2021-07-20,-0.100162206001622,0.461613149516901,2021-07-21,2021-07-27,0.415549166019692,1,train,-0.233031071671437,0.513593362475565,2021-07-21,2021-08-17,0.40502087856333,1,train
2021-07-21,-0.0310902896081772,0.351024288737089,2021-07-22,2021-07-28,0.415549166019692,0,train,-0.21476934719127,0.491608362453926,2021-07-22,2021-08-18,0.40502087856333,1,train
2021-07-22,-0.0206502636203866,0.308806478889124,2021-07-23,2021-07-29,0.41800896070884,0,train,-0.240247072907893,0.530353034714323,2021-07-23,2021-08-19,0.40502087856333,1,train
2021-07-23,-0.0862989323843416,0.651597987361885,2021-07-26,2021-07-30,0.418354402540743,1,train,-0.21565183930172,0.533034272964495,2021-07-26,2021-08-20,0.40502087856333,1,train
2021-07-26,-0.0725912890453146,0.672574236316787,2021-07-27,2021-08-02,0.418988728181025,1,train,-0.244731737398739,0.539981949291037,2021-07-27,2021-08-23,0.40502087856333,1,train
2021-07-27,-0.0423614240648941,0.653047468824204,2021-07-28,2021-08-03,0.419323539591498,1,train,-0.164521553063845,0.598985712528424,2021-07-28,2021-08-24,0.40502087856333,1,train
2021-07-28,-0.061978021978022,0.62933612507305,2021-07-29,2021-08-04,0.418354402540743,1,train,-0.200039705246932,0.596052260472,2021-07-29,2021-08-25,0.40502087856333,1,train
2021-07-29,-0.0960338766973272,0.735621494162146,2021-07-30,2021-08-05,0.41800896070884,1,train,-0.169795884507619,0.594581740419457,2021-07-30,2021-08-26,0.40502087856333,1,train
2021-07-30,-0.0118397321211458,0.45483569298537,2021-08-02,2021-08-06,0.41800896070884,1,train,-0.0725646647840925,0.529036507466165,2021-08-02,2021-08-27,0.40502087856333,1,train
2021-08-02,-0.0828749140463837,0.540578407126652,2021-08-03,2021-08-09,0.41800896070884,1,train,-0.101701528714054,0.521386148342323,2021-08-03,2021-08-30,0.40502087856333,1,train
2021-08-03,-0.0896783146840033,0.537578595164609,2021-08-04,2021-08-10,0.41800896070884,1,train,-0.137702319184847,0.533520238962104,2021-08-04,2021-08-31,0.40502087856333,1,train
2021-08-04,-0.0738575982996813,0.557936669008132,2021-08-05,2021-08-11,0.41800896070884,1,train,-0.187035069075452,0.567538660934265,2021-08-05,2021-09-01,0.40502087856333,1,train
2021-08-05,-0.0568373663477772,0.471832711784917,2021-08-06,2021-08-12,0.41800896070884,1,train,-0.129431626336523,0.53114246406836,2021-08-06,2021-09-02,0.406685048290421,1,train
2021-08-06,-0.0597765363128493,0.469918984210618,2021-08-09,2021-08-13,0.418354402540743,1,train,-0.121787709497207,0.533555088956899,2021-08-09,2021-09-03,0.407344754131636,1,train
2021-08-09,-0.00234604105571859,0.327471444653655,2021-08-10,2021-08-16,0.419323539591498,0,train,-0.151906158357772,0.585498865205598,2021-08-10,2021-09-06,0.407624788370357,1,train
2021-08-10,-0.0222743259085581,0.355758521460921,2021-08-11,2021-08-17,0.420970836229243,0,train,-0.105509964830012,0.615906435140412,2021-08-11,2021-09-07,0.409018748051058,1,train
2021-08-11,-0.0671256454388985,0.368971261630617,2021-08-12,2021-08-18,0.42285811075604,0,train,-0.142857142857143,0.615791484816916,2021-08-12,2021-09-08,0.409271232574703,1,train
2021-08-12,-0.0900954653937949,0.515723602073059,2021-08-13,2021-08-19,0.423661760067242,1,train,-0.128878281622912,0.605406534268979,2021-08-13,2021-09-09,0.410391802410935,1,train
2021-08-13,-0.0760546642899584,0.533125546330384,2021-08-16,2021-08-20,0.425731872269795,1,train,-0.129530600118836,0.605347390061405,2021-08-16,2021-09-10,0.411879921656114,1,train
2021-08-16,-0.109935332157554,0.560805989240794,2021-08-17,2021-08-23,0.425731872269795,1,train,-0.169900058788948,0.618164632982717,2021-08-17,2021-09-13,0.412890578332197,1,train
2021-08-17,-0.0197841726618706,0.770136135461661,2021-08-18,2021-08-24,0.425731872269795,1,train,-0.147482014388489,0.614751223657852,2021-08-18,2021-09-14,0.413924033380684,1,train
2021-08-18,-0.0129151291512916,0.760010599926069,2021-08-19,2021-08-25,0.425731872269795,1,train,-0.148216482164822,0.615209178410356,2021-08-19,2021-09-15,0.416034134101447,1,train
2021-08-19,0.0701639344262294,0.619978918869064,2021-08-20,2021-08-26,0.427106467488134,1,train,-0.120655737704918,0.582921938528195,2021-08-20,2021-09-16,0.416240259053907,1,train
2021-08-20,0.080385852090032,0.638432688263139,2021-08-23,2021-08-27,0.42762376799721,1,train,-0.190996784565917,0.621652945470149,2021-08-23,2021-09-17,0.416570412741351,1,train
2021-08-23,0.103038309114927,0.61107130831801,2021-08-24,2021-08-30,0.428482046797458,1,train,-0.116908850726552,0.651302648617213,2021-08-24,2021-09-22,0.416929826352893,1,train
2021-08-24,-0.0116207951070337,0.360431467568644,2021-08-25,2021-08-31,0.430265841227858,0,train,-0.184097859327217,0.591414547530608,2021-08-25,2021-09-23,0.417843607724597,1,train
2021-08-25,-0.0467289719626169,0.513177645739829,2021-08-26,2021-09-01,0.430551569396519,1,train,-0.147040498442368,0.59489597736762,2021-08-26,2021-09-24,0.420033144626086,1,train
2021-08-26,-0.0520833333333335,0.505448777878494,2021-08-27,2021-09-02,0.432047207681716,1,train,-0.138480392156863,0.599462786849153,2021-08-27,2021-09-27,0.420322533077209,1,train
2021-08-27,-0.0642857142857144,0.47547989914686,2021-08-30,2021-09-03,0.434071109877539,1,train,-0.192857142857143,0.604390970407066,2021-08-30,2021-09-28,0.420775696332535,1,train
2021-08-30,-0.134131736526946,0.759003712867593,2021-08-31,2021-09-06,0.434071109877539,1,train,-0.168862275449102,0.60966732982938,2021-08-31,2021-09-29,0.421065757151427,1,train
2021-08-31,-0.0556930693069308,0.817177038248087,2021-09-01,2021-09-07,0.432047207681716,1,train,-0.107054455445545,0.614091759037717,2021-09-01,2021-09-30,0.422036048011051,1,train
2021-09-01,-0.023529411764706,0.734635563456971,2021-09-02,2021-09-08,0.432047207681716,1,train,-0.00326797385620911,0.61475007973697,2021-09-02,2021-10-08,0.423476945497418,1,train
2021-09-02,-0.0562378797672915,0.748495241338365,2021-09-03,2021-09-09,0.432047207681716,1,train,0.0310277957336782,0.633843477540256,2021-09-03,2021-10-11,0.424164239255901,1,train
2021-09-03,-0.0680661577608143,0.740190225908816,2021-09-06,2021-09-10,0.432047207681716,1,train,-0.0209923664122136,0.643905867996807,2021-09-06,2021-10-12,0.425122803557234,1,train
2021-09-06,-0.0235131396957123,0.514307219780171,2021-09-07,2021-09-13,0.434071109877539,1,train,0.0110650069156294,0.599882602701352,2021-09-07,2021-10-13,0.426810836994224,1,train
2021-09-07,-0.0681520314547839,0.347674339228365,2021-09-08,2021-09-14,0.434071109877539,0,train,-0.0353866317169069,0.569129573757648,2021-09-08,2021-10-14,0.429057283630458,1,train
2021-09-08,-0.0729585006693441,0.365065081346577,2021-09-09,2021-09-15,0.434160081701118,0,train,-0.0314591700133868,0.567403268779273,2021-09-09,2021-10-15,0.430193432402428,1,train
2021-09-09,-0.0815068493150686,0.398866509577807,2021-09-10,2021-09-16,0.434885554685374,0,train,-0.026027397260274,0.564886014268253,2021-09-10,2021-10-18,0.431389448434118,1,train
2021-09-10,-0.141296928327645,0.603531719116978,2021-09-13,2021-09-17,0.43694520631621,1,train,-0.0348122866894198,0.56511059890682,2021-09-13,2021-10-19,0.4319138217024,1,train
2021-09-13,-0.0531161473087819,0.694819303178101,2021-09-14,2021-09-22,0.438130092483921,1,train,0.00566572237960344,0.549970759451327,2021-09-14,2021-10-20,0.432249336604527,1,train
2021-09-14,-0.0618846694796062,0.693194105075809,2021-09-15,2021-09-23,0.438130092483921,1,train,-0.0850914205344584,0.631158664930692,2021-09-15,2021-10-21,0.432588121129579,1,train
2021-09-15,-0.011552346570397,0.692308944584213,2021-09-16,2021-09-24,0.438130092483921,1,train,-0.00433212996389878,0.65751034547661,2021-09-16,2021-10-22,0.433871006767792,1,train
2021-09-16,0.0484712900820284,0.680150310916629,2021-09-17,2021-09-27,0.438130092483921,1,train,0.0268456375838927,0.647467008368182,2021-09-17,2021-10-25,0.435457617763214,1,train
2021-09-17,0.0779014308426074,0.568278575554659,2021-09-22,2021-09-28,0.438455576458446,1,train,0.135930047694754,0.620556045839756,2021-09-22,2021-10-26,0.435633826046336,1,train
2021-09-22,0.0381451009723262,0.404233343146558,2021-09-23,2021-09-29,0.439078258350708,0,train,0.0575916230366492,0.582884159243808,2021-09-23,2021-10-27,0.436366342978168,1,train
2021-09-23,0.0817091454272866,0.48914305551904,2021-09-24,2021-09-30,0.439588212697838,1,train,0.0247376311844079,0.595053377338063,2021-09-24,2021-10-28,0.437564917339391,1,train
2021-09-24,0.113951789627465,0.59951400540839,2021-09-27,2021-10-08,0.441336966932396,1,train,-0.068663257852447,0.637809265845048,2021-09-27,2021-10-29,0.439039438832799,1,train
2021-09-27,0.134423897581793,0.651986312641879,2021-09-28,2021-10-11,0.444363171162055,1,train,-0.120199146514936,0.639824027923011,2021-09-28,2021-11-01,0.440050816395833,1,train
2021-09-28,0.13495575221239,0.650681505359736,2021-09-29,2021-10-12,0.445014209434673,1,train,-0.165929203539823,0.702836902499228,2021-09-29,2021-11-02,0.441318002028801,1,train
2021-09-29,0.053314121037464,0.727149346418354,2021-09-30,2021-10-13,0.445014209434673,1,train,-0.150576368876081,0.713367072730911,2021-09-30,2021-11-03,0.445732376545807,1,train
2021-09-30,0.02009702009702,0.674520158831458,2021-10-08,2021-10-14,0.445880106726199,1,train,-0.192654192654193,0.701186767892461,2021-10-08,2021-11-04,0.455404427160839,1,train
2021-10-08,-0.0511475409836066,0.561964987018687,2021-10-11,2021-10-15,0.446339612654825,1,train,-0.264918032786885,0.686912554928506,2021-10-11,2021-11-05,0.45565983176583,1,train
2021-10-11,-0.10846394984326,0.479165677702781,2021-10-12,2021-10-18,0.447001255343251,1,train,-0.284639498432602,0.671126520643015,2021-10-12,2021-11-08,0.456331506928332,1,train
2021-10-12,-0.0812215724496428,0.408439051946995,2021-10-13,2021-10-19,0.4477426413478,0,train,-0.270955165692008,0.661716240298798,2021-10-13,2021-11-09,0.457268912721184,1,train
2021-10-13,-0.0287277701778387,0.186940400205238,2021-10-14,2021-10-20,0.4482526183833,0,train,-0.266073871409029,0.655589862276045,2021-10-14,2021-11-10,0.459478643113272,1,train
2021-10-14,-0.11616847826087,0.647061512164031,2021-10-15,2021-10-21,0.450104823722232,1,train,-0.224864130434783,0.690497084097252,2021-10-15,2021-11-11,0.462235179174736,1,train
2021-10-15,-0.0469937802349689,0.758133269002261,2021-10-18,2021-10-22,0.453481255788129,1,train,-0.24464409122322,0.704530767838114,2021-10-18,2021-11-12,0.46235261554304,1,train
2021-10-18,-0.0316455696202532,0.748039947930768,2021-10-19,2021-10-25,0.454264323314314,1,train,-0.241912798874824,0.703521536805713,2021-10-19,2021-11-15,0.463041539860129,1,train
2021-10-19,0.0106082036775107,0.791965784681441,2021-10-20,2021-10-26,0.454264323314314,1,train,-0.235502121640736,0.703305633050351,2021-10-20,2021-11-16,0.464227648244444,1,train
2021-10-20,-0.00422535211267607,0.794932884872974,2021-10-21,2021-10-27,0.454264323314314,1,train,-0.241549295774648,0.703268131173311,2021-10-21,2021-11-17,0.464892873577886,1,train
2021-10-21,0.0507302075326672,0.550842185720393,2021-10-22,2021-10-28,0.45522286234035,1,train,-0.213681783243659,0.656814679020416,2021-10-22,2021-11-18,0.466270282686736,1,train
2021-10-22,-0.075416968817984,0.61417822780315,2021-10-25,2021-10-29,0.457119974136703,1,train,-0.222625090645395,0.645190075102332,2021-10-25,2021-11-19,0.469988628144106,1,train
2021-10-25,-0.101670297748729,0.650576271139301,2021-10-26,2021-11-01,0.459849532207055,1,train,-0.189542483660131,0.660780544178995,2021-10-26,2021-11-22,0.472546812978299,1,train
2021-10-26,-0.208537438768369,0.870919147441469,2021-10-27,2021-11-02,0.461466617005767,1,train,-0.178446466060182,0.672058727017669,2021-10-27,2021-11-23,0.473140796930891,1,train
2021-10-27,-0.166195190947666,0.9164928505715,2021-10-28,2021-11-03,0.463689608190331,1,train,-0.128005657708628,0.69321993949791,2021-10-28,2021-11-24,0.475434108673912,1,train
2021-10-28,-0.147768836869056,0.888570973589991,2021-10-29,2021-11-04,0.469926855965792,1,train,-0.105340160936357,0.683367607406023,2021-10-29,2021-11-25,0.481172417980752,1,train
2021-10-29,-0.12078431372549,0.787152994508214,2021-11-01,2021-11-05,0.470281356128778,1,train,-0.0972549019607841,0.672469560691334,2021-11-01,2021-11-26,0.48818476278498,1,train
2021-11-01,-0.0776071139854485,0.767613334878601,2021-11-02,2021-11-08,0.471413686062113,1,train,-0.00646725949878724,0.703457447400097,2021-11-02,2021-11-29,0.491882213013348,1,train
2021-11-02,-0.0079575596816975,0.446028144918101,2021-11-03,2021-11-09,0.471963543533171,0,train,0.0743803656484414,0.62876991991589,2021-11-03,2021-11-30,0.492805570187696,1,train
2021-11-03,-0.0899067005937235,0.460834156987584,2021-11-04,2021-11-10,0.472993422000456,0,train,0.0651064324605324,0.622268518131795,2021-11-04,2021-12-01,0.493550112501328,1,train
2021-11-04,-0.0206008583690988,0.628864694021968,2021-11-05,2021-11-11,0.475049153537733,1,train,0.0362190225668005,0.636412864812495,2021-11-05,2021-12-02,0.495468919573834,1,train
2021-11-05,-0.0249776984834969,0.643322334046883,2021-11-08,2021-11-12,0.475786168398883,1,train,0.083080343011712,0.621899374369699,2021-11-08,2021-12-03,0.497638506012223,1,train
2021-11-08,-0.0552147239263806,0.638534831348033,2021-11-09,2021-11-15,0.477177817737651,1,train,0.0693074835317068,0.618966351286694,2021-11-09,2021-12-06,0.499445077704087,1,train
2021-11-09,-0.0365418894830661,0.627617863334106,2021-11-10,2021-11-16,0.477177817737651,1,train,0.165150796388937,0.663051123276008,2021-11-10,2021-12-07,0.501865919456455,1,train
2021-11-10,0.0037278657968312,0.542308676353611,2021-11-11,2021-11-17,0.477177817737651,1,train,0.216511589453748,0.64384879797868,2021-11-11,2021-12-08,0.503169350770614,1,train
2021-11-11,-0.1034180543383,0.486996712764616,2021-11-12,2021-11-18,0.478738676290007,1,train,0.116214554295892,0.612038585252742,2021-11-12,2021-12-09,0.504976925336027,1,train
2021-11-12,-0.019213174748399,0.504373447247194,2021-11-15,2021-11-19,0.479539828383745,1,train,0.159793259156509,0.59295254701553,2021-11-15,2021-12-10,0.507126159774391,1,train
2021-11-15,0.0352504638218924,0.571241860304662,2021-11-16,2021-11-22,0.481568063915766,1,train,0.229257436112275,0.611530564511803,2021-11-16,2021-12-13,0.509175797700114,1,train
2021-11-16,0.0860314523589271,0.674763870125773,2021-11-17,2021-11-23,0.484489208005505,1,train,0.192838918564054,0.619079640458158,2021-11-17,2021-12-14,0.509495785038752,1,train
2021-11-17,0.144846796657382,0.758807994308448,2021-11-18,2021-11-24,0.485127934068626,1,train,0.194508341570073,0.618994017019351,2021-11-18,2021-12-15,0.509882132464875,1,train
2021-11-18,0.195503421309873,0.667660220973047,2021-11-19,2021-11-25,0.485656655433754,1,train,0.304066155835147,0.605332647944846,2021-11-19,2021-12-16,0.510115542750506,1,train
2021-11-19,0.0736940298507465,0.721799974848148,2021-11-22,2021-11-26,0.48734059941927,1,train,0.250930578960039,0.582396289937981,2021-11-22,2021-12-17,0.51108659073223,1,train
2021-11-22,0.101254480286738,0.810021787063903,2021-11-23,2021-11-29,0.488564958417185,1,train,0.196282084634062,0.564842537148082,2021-11-23,2021-12-20,0.514127498547333,1,train
2021-11-23,0.0350291256800572,0.730243027972109,2021-11-24,2021-11-30,0.489544580754524,1,train,0.185302522393801,0.555288952165239,2021-11-24,2021-12-21,0.515786433676008,1,train
2021-11-24,0.0184594354184653,0.683092996385184,2021-11-25,2021-12-01,0.490998424673033,1,train,0.114919681866939,0.529076309824563,2021-11-25,2021-12-22,0.517210065581282,1,train
2021-11-25,-0.0129230079392293,0.735988155947312,2021-11-26,2021-12-02,0.491771716221128,1,train,0.122415134650384,0.52831090860384,2021-11-26,2021-12-23,0.521075701393141,1,train
2021-11-26,0.0548506207785656,0.598150419128297,2021-11-29,2021-12-03,0.491949219657661,1,train,0.228793335388582,0.49393325204154,2021-11-29,2021-12-24,0.522156397680662,0,train
2021-11-29,-0.00725806451612892,0.377224186358007,2021-11-30,2021-12-06,0.492297688020338,0,train,0.101612903225807,0.462435091301081,2021-11-30,2021-12-27,0.525026454526258,0,train
2021-11-30,0.0758564437194129,0.61325510646488,2021-12-01,2021-12-07,0.492498004913341,1,train,0.0986949429037521,0.463350593922738,2021-12-01,2021-12-28,0.526989725740252,0,train
2021-12-01,0.0394632991318076,0.567151464997721,2021-12-02,2021-12-08,0.492785325752359,1,train,0.0465666929755329,0.451852211190683,2021-12-02,2021-12-29,0.528094071156719,0,train
2021-12-02,0.0550082101806241,0.523211606087507,2021-12-03,2021-12-09,0.493078467610501,1,train,0.0952380952380954,0.430145448863004,2021-12-03,2021-12-30,0.528888380545867,0,train
2021-12-03,0.0440816326530613,0.522684599129011,2021-12-06,2021-12-10,0.493375593099292,1,train,0.110204081632653,0.435093125535784,2021-12-06,2021-12-31,0.529365639278204,0,train
2021-12-06,0.0861088545897645,0.609202659278918,2021-12-07,2021-12-13,0.493375593099292,1,train,0.119415109666937,0.43724540615593,2021-12-07,2022-01-04,0.530550392052832,0,train
2021-12-07,-0.0136467020470053,0.41036010891042,2021-12-08,2021-12-14,0.494750272831074,0,train,0.0523123578468537,0.363004010684695,2021-12-08,2022-01-05,0.531146928758557,0,train
2021-12-08,-0.014426727410782,0.410545946560248,2021-12-09,2021-12-15,0.497303432307448,0,train,0.0888382687927108,0.380968321586901,2021-12-09,2022-01-06,0.531628810362986,0,train
2021-12-09,0.0474708171206227,0.452229297549932,2021-12-10,2021-12-16,0.499963383832469,0,train,0.119066147859922,0.370959612083344,2021-12-10,2022-01-07,0.533045601591077,0,train
2021-12-10,0.0578577013291635,0.452507940674303,2021-12-13,2021-12-17,0.500909994518395,0,train,0.0938232994526973,0.38322410715409,2021-12-13,2022-01-10,0.533189750343645,0,train
2021-12-13,0.00747943156320126,0.326538060145161,2021-12-14,2021-12-20,0.502761389499649,0,train,0.0822737471952131,0.36934667408805,2021-12-14,2022-01-11,0.533528951460803,0,train
2021-12-14,0.0791698693312835,0.394526497329368,2021-12-15,2021-12-21,0.502761389499649,0,train,0.133743274404304,0.362846923925703,2021-12-15,2022-01-12,0.533669707569496,0,train
2021-12-15,0.0685670261941448,0.403561849378391,2021-12-16,2021-12-22,0.502761389499649,0,train,0.11864406779661,0.367018902015005,2021-12-16,2022-01-13,0.534067431831342,0,train
2021-12-16,0.0289747399702823,0.310659583141031,2021-12-17,2021-12-23,0.502761389499649,0,train,0.0728083209509657,0.344199137447259,2021-12-17,2022-01-14,0.534930351285277,0,train
2021-12-17,0.0546932742054693,0.374344332728592,2021-12-20,2021-12-24,0.502761389499649,0,train,0.0421286031042128,0.353959851810054,2021-12-20,2022-01-17,0.537041708511919,0,train
2021-12-20,0.0141054194506309,0.485110073176413,2021-12-21,2021-12-27,0.502761389499649,0,train,0.0616184112843354,0.357125011297267,2021-12-21,2022-01-18,0.537064286627915,0,train
2021-12-21,-0.0405982905982906,0.39830477008067,2021-12-22,2021-12-28,0.502761389499649,0,train,0.0470085470085469,0.339830516020012,2021-12-22,2022-01-19,0.537202254266481,0,train
2021-12-22,-0.0439798125450613,0.404488267162127,2021-12-23,2021-12-29,0.502761389499649,0,train,0.0699351117519826,0.338743180038198,2021-12-23,2022-01-20,0.537202254266481,0,train
2021-12-23,-0.0368231046931408,0.406607095124628,2021-12-24,2021-12-30,0.502761389499649,0,train,0.0909747292418771,0.344698374899574,2021-12-24,2022-01-21,0.537202254266481,0,train
2021-12-24,-0.0469516468114926,0.372998398881311,2021-12-27,2021-12-31,0.502761389499649,0,train,0.0371408549404343,0.336134346887565,2021-12-27,2022-01-24,0.537202254266481,0,train
2021-12-27,0.0087847730600293,0.227260671751102,2021-12-28,2022-01-04,0.502761389499649,0,train,0.122254758418741,0.323320355350794,2021-12-28,2022-01-25,0.537202254266481,0,train
2021-12-28,0.030438010393467,0.210699741679315,2021-12-29,2022-01-05,0.502761389499649,0,train,0.152190051967335,0.322452806065115,2021-12-29,2022-01-26,0.537202254266481,0,train
2021-12-29,0.081447963800905,0.292449225385167,2021-12-30,2022-01-06,0.502761389499649,0,train,0.159879336349924,0.319217007497222,2021-12-30,2022-01-27,0.537202254266481,0,train
2021-12-30,0.0779610194902548,0.289989812273718,2021-12-31,2022-01-07,0.502761389499649,0,train,0.24287856071964,0.415407016928646,2021-12-31,2022-01-28,0.537202254266481,0,train
2021-12-31,0.0286764705882352,0.32158660393254,2022-01-04,2022-01-10,0.502761389499649,0,train,0.201470588235294,0.412973521243035,2022-01-04,2022-02-07,0.537202254266481,0,train
2022-01-04,0.0500725689404935,0.389950717263434,2022-01-05,2022-01-11,0.502761389499649,0,train,0.191582002902757,0.410693763197344,2022-01-05,2022-02-08,0.537202254266481,0,train
2022-01-05,0.0626801152737751,0.409804017429861,2022-01-06,2022-01-12,0.502761389499649,0,train,0.12536023054755,0.446592729671803,2022-01-06,2022-02-09,0.537202254266481,0,train
2022-01-06,0.01255230125523,0.356106758951986,2022-01-07,2022-01-13,0.502761389499649,0,train,0.145746164574616,0.467179367066607,2022-01-07,2022-02-10,0.537202254266481,0,train
2022-01-07,0.00417246175243397,0.357714113856519,2022-01-10,2022-01-14,0.502761389499649,0,train,0.119610570236439,0.47259479697575,2022-01-10,2022-02-11,0.537202254266481,0,train
2022-01-10,0.00786275911365269,0.34419598767371,2022-01-11,2022-01-17,0.502761389499649,0,train,0.110078627591136,0.479782442834878,2022-01-11,2022-02-14,0.537202254266481,0,train
2022-01-11,-0.0117484450587422,0.266668964936002,2022-01-12,2022-01-18,0.502761389499649,0,train,-0.0338631651693159,0.595947389481861,2022-01-12,2022-02-15,0.537202254266481,1,train
2022-01-12,-0.00338983050847453,0.30159362519674,2022-01-13,2022-01-19,0.502761389499649,0,train,-0.0237288135593221,0.601302794420437,2022-01-13,2022-02-16,0.537202254266481,1,train
2022-01-13,0.0220385674931129,0.2881639058211,2022-01-14,2022-01-20,0.502761389499649,0,train,-0.0571625344352618,0.625032588345768,2022-01-14,2022-02-17,0.537202254266481,1,train
2022-01-14,0.0463988919667589,0.312865898354616,2022-01-17,2022-01-21,0.502761389499649,0,train,-0.0512465373961221,0.624730220970401,2022-01-17,2022-02-18,0.537202254266481,1,train
2022-01-17,0.0496453900709218,0.301543644109028,2022-01-18,2022-01-24,0.502761389499649,0,train,0.00283687943262397,0.629067227595742,2022-01-18,2022-02-21,0.537202254266481,1,train
2022-01-18,0.0720279720279718,0.378580106526461,2022-01-19,2022-01-25,0.502761389499649,0,train,-0.0426573426573429,0.637499545038903,2022-01-19,2022-02-22,0.537202254266481,1,train
2022-01-19,0.0557823129251699,0.335575356592778,2022-01-20,2022-01-26,0.502761389499649,0,train,-0.0476190476190477,0.634927834323127,2022-01-20,2022-02-23,0.537202254266481,1,train
2022-01-20,0.036388140161725,0.334994002460019,2022-01-21,2022-01-27,0.502761389499649,0,train,-0.0525606469002696,0.634217414155971,2022-01-21,2022-02-24,0.537202254266481,1,train
2022-01-21,0.0972865651886168,0.616695557002224,2022-01-24,2022-01-28,0.502761389499649,1,train,-0.099272005294507,0.641457740721306,2022-01-24,2022-02-25,0.537202254266481,1,train
2022-01-24,0.104054054054054,0.607759101889382,2022-01-25,2022-02-07,0.502761389499649,1,train,-0.0466216216216217,0.649965315337482,2022-01-25,2022-02-28,0.537202254266481,1,train
2022-01-25,0.071102413568167,0.555140227964875,2022-01-26,2022-02-08,0.502761389499649,1,train,-0.0378343118069146,0.657001050124844,2022-01-26,2022-03-01,0.537202254266481,1,train
2022-01-26,0.00644329896907223,0.652894629606886,2022-01-27,2022-02-09,0.502761389499649,1,train,-0.027061855670103,0.660808861095793,2022-01-27,2022-03-02,0.537202254266481,1,train
2022-01-27,0.0682704811443433,0.742263296935446,2022-01-28,2022-02-10,0.502761389499649,1,train,0.0370611183355007,0.68805702315585,2022-01-28,2022-03-03,0.537202254266481,1,train
2022-01-28,-0.0289505428226779,0.535934231862941,2022-02-07,2022-02-11,0.503892378930559,1,train,-0.019903498190591,0.637713243073787,2022-02-07,2022-03-04,0.537202254266481,1,train
2022-02-07,-0.0495716034271726,0.584802698906042,2022-02-08,2022-02-14,0.504262951300167,1,train,0.0648714810281518,0.680374939815595,2022-02-08,2022-03-07,0.537202254266481,1,train
2022-02-08,-0.148599269183922,0.947627172203532,2022-02-09,2022-02-15,0.504642279905019,1,train,0.0286236297198538,0.688302366641821,2022-02-09,2022-03-08,0.537202254266481,1,train
2022-02-09,-0.0781049935979513,0.903559223421526,2022-02-10,2022-02-16,0.505740384634412,1,train,0.0403329065300896,0.679063492565227,2022-02-10,2022-03-09,0.537202254266481,1,train
2022-02-10,-0.16676810712112,0.903575522962584,2022-02-11,2022-02-17,0.507095101659413,1,train,-0.0170419963481436,0.655287632374288,2022-02-11,2022-03-10,0.537202254266481,1,train
2022-02-11,-0.149068322981367,0.892035545655474,2022-02-14,2022-02-18,0.50923506631495,1,train,0.0211180124223602,0.654374377705339,2022-02-14,2022-03-11,0.537202254266481,1,train
2022-02-14,-0.089504185447521,0.883520466916438,2022-02-15,2022-02-21,0.511524102204466,1,train,-0.0218931101094656,0.700450490895577,2022-02-15,2022-03-14,0.537202254266481,1,train
2022-02-15,-0.0207439198855509,0.525472979741384,2022-02-16,2022-02-22,0.512360966749135,1,train,0.0815450643776823,0.592957322551943,2022-02-16,2022-03-15,0.537652656606215,1,train
2022-02-16,-0.0277777777777778,0.507180373872086,2022-02-17,2022-02-23,0.513460039249915,0,train,0.116666666666667,0.623140862687027,2022-02-17,2022-03-16,0.537806265447197,1,train
2022-02-17,0.027027027027027,0.359586435111193,2022-02-18,2022-02-24,0.514661315353393,0,train,0.183345507669832,0.597317525699171,2022-02-18,2022-03-17,0.538429140313091,1,train
2022-02-18,-0.00656934306569338,0.427324006935566,2022-02-21,2022-02-25,0.517222337846231,0,train,0.216788321167883,0.605877389638539,2022-02-21,2022-03-18,0.54076394415596,1,train
2022-02-21,-0.00212164073550218,0.444798725863272,2022-02-22,2022-02-28,0.521960058656564,0,train,0.177510608203677,0.595411029003537,2022-02-22,2022-03-21,0.543533233394543,1,train
2022-02-22,0.0774287801314828,0.494268891210993,2022-02-23,2022-03-01,0.522816350868635,0,train,0.1672753834916,0.602154427979261,2022-02-23,2022-03-22,0.5449766580208,1,train
2022-02-23,0.0785714285714285,0.496740177930298,2022-02-24,2022-03-02,0.522816350868635,0,train,0.175,0.605689658835413,2022-02-24,2022-03-23,0.545531562840177,1,train
2022-02-24,0.134423897581792,0.630066612721066,2022-02-25,2022-03-03,0.522816350868635,1,train,0.163584637268848,0.605812474667805,2022-02-25,2022-03-24,0.545821256365311,1,train
2022-02-25,0.193975018368847,0.600960896454918,2022-02-28,2022-03-04,0.522816350868635,1,train,0.257898603967671,0.61616231660635,2022-02-28,2022-03-25,0.546397402792342,1,train
2022-02-28,0.233167965981573,0.728829003456006,2022-03-01,2022-03-07,0.521960058656564,1,train,0.245536022277554,0.609840478793499,2022-03-01,2022-03-28,0.546528891803067,1,train
2022-03-01,0.145084745762712,0.690376524038317,2022-03-02,2022-03-08,0.517222337846231,1,train,0.188068596570171,0.589250468623766,2022-03-02,2022-03-29,0.546802316145969,1,train
2022-03-02,0.076158940397351,0.723952278467421,2022-03-03,2022-03-09,0.514661315353393,1,train,0.197319736662173,0.593766080841048,2022-03-03,2022-03-30,0.546991900011166,1,train
2022-03-03,0.0125391849529781,0.612268289307815,2022-03-04,2022-03-10,0.514661315353393,1,train,0.136045718090271,0.561099112623929,2022-03-04,2022-03-31,0.547543604892771,1,train
2022-03-04,0.0116923076923076,0.611012343659907,2022-03-07,2022-03-11,0.514661315353393,1,train,0.151122850011345,0.568518672603657,2022-03-07,2022-04-01,0.548566269153749,1,train
2022-03-07,-0.127011494252874,0.672961754124935,2022-03-08,2022-03-14,0.517222337846231,1,train,0.0756233682568741,0.514107403306917,2022-03-08,2022-04-06,0.549708905140981,0,train
2022-03-08,-0.104795737122558,0.639804822794744,2022-03-09,2022-03-15,0.521960058656564,1,train,0.0764079913233464,0.51358200305431,2022-03-09,2022-04-07,0.55041338707743,0,train
2022-03-09,-0.0104615384615385,0.724657506337928,2022-03-10,2022-03-16,0.522816350868635,1,train,0.141799500794191,0.500181376338613,2022-03-10,2022-04-08,0.551892751598173,0,train
2022-03-10,0.00309597523219805,0.725254511985844,2022-03-11,2022-03-17,0.523543182825034,1,train,0.086328940518918,0.537753348379732,2022-03-11,2022-04-11,0.552401809009559,0,train
2022-03-11,0.0139902676399025,0.74246464900674,2022-03-14,2022-03-18,0.524771679713556,1,train,0.13659037242785,0.578997927506629,2022-03-14,2022-04-12,0.553246472887652,1,train
2022-03-14,0.0961158657011191,0.485944470606496,2022-03-15,2022-03-21,0.526868633814184,0,train,0.175597204339914,0.531357438470959,2022-03-15,2022-04-13,0.555372539924339,0,train
2022-03-15,0.0568783068783068,0.565763314033825,2022-03-16,2022-03-22,0.53126237080541,1,train,0.204420096455494,0.535643350269904,2022-03-16,2022-04-14,0.556366476629628,0,train
2022-03-16,0.0230099502487561,0.414069612408758,2022-03-17,2022-03-23,0.531987346831051,0,train,0.150101997387692,0.492097456594267,2022-03-17,2022-04-15,0.55910056541376,0,train
2022-03-17,0.00987654320987645,0.412534260563872,2022-03-18,2022-03-24,0.532507363047005,0,train,0.149687898321133,0.492030556365487,2022-03-18,2022-04-18,0.56094087669071,0,train
2022-03-18,0.0269946010797839,0.482576588144765,2022-03-21,2022-03-25,0.533827717713523,0,train,0.0748604261448592,0.500658860705824,2022-03-21,2022-04-19,0.562651154802079,0,train
2022-03-21,0.0555263227829598,0.517117366749297,2022-03-22,2022-03-28,0.533827717713523,0,train,0.0894972848955145,0.502548678098469,2022-03-22,2022-04-20,0.564853406428125,0,train
2022-03-22,0.0966215143560717,0.427558622146872,2022-03-23,2022-03-29,0.536345322688358,0,train,0.14276178556529,0.481516971809018,2022-03-23,2022-04-21,0.564942160427894,0,train
2022-03-23,0.0990594543221165,0.435366039234731,2022-03-24,2022-03-30,0.536345322688358,0,train,0.0818674628578599,0.479207467780469,2022-03-24,2022-04-22,0.565683766374933,0,train
2022-03-24,0.107575134690698,0.433909870091378,2022-03-25,2022-03-31,0.536345322688358,0,train,-0.0189872413469793,0.603183230024349,2022-03-25,2022-04-25,0.567437116818021,1,train
2022-03-25,0.0926253687315633,0.36794554195041,2022-03-28,2022-04-01,0.536345322688358,0,train,-0.0454277286135694,0.584783434846962,2022-03-28,2022-04-26,0.567628293321776,1,train
2022-03-28,0.064942528735632,0.317483490150683,2022-03-29,2022-04-06,0.533827717713523,0,train,-0.05,0.582315885626454,2022-03-29,2022-04-27,0.568205286302644,1,train
2022-03-29,0.0374639769452447,0.377916897339915,2022-03-30,2022-04-07,0.532507363047005,0,train,-0.0184438040345821,0.591757077538188,2022-03-30,2022-04-28,0.569184943746633,1,train
2022-03-30,0.0262569832402235,0.338526074937778,2022-03-31,2022-04-08,0.532507363047005,0,train,-0.0284916201117317,0.586019088019938,2022-03-31,2022-04-29,0.570783183241472,1,train
2022-03-31,-0.0317725752508362,0.521783725423602,2022-04-01,2022-04-11,0.532507363047005,0,train,-0.0284280936454848,0.586022272133829,2022-04-01,2022-05-05,0.570783183241472,1,train
2022-04-01,-0.00107991360691153,0.649181453783579,2022-04-06,2022-04-12,0.532507363047005,1,train,-0.109071274298056,0.607082301752316,2022-04-06,2022-05-06,0.570783183241472,1,train
2022-04-06,-0.0458715596330275,0.724579011322203,2022-04-07,2022-04-13,0.532507363047005,1,train,-0.129519697787372,0.612393807584535,2022-04-07,2022-05-09,0.570783183241472,1,train
2022-04-07,0.00166666666666666,0.708476894880682,2022-04-08,2022-04-14,0.532507363047005,1,train,-0.134444444444444,0.616101260495326,2022-04-08,2022-05-10,0.570783183241472,1,train
2022-04-08,-0.00326619488296147,0.702169845332404,2022-04-11,2022-04-15,0.532507363047005,1,train,-0.106151333696244,0.639616289282807,2022-04-11,2022-05-11,0.570783183241472,1,train
2022-04-11,0.061600460564191,0.581081514050045,2022-04-12,2022-04-18,0.532507363047005,1,train,-0.0834772596430626,0.617803263439473,2022-04-12,2022-05-12,0.570783183241472,1,train
2022-04-12,-0.0410810810810811,0.46145046755836,2022-04-13,2022-04-19,0.533827717713523,0,train,-0.11027027027027,0.587919930413557,2022-04-13,2022-05-13,0.575576250870577,1,train
2022-04-13,0.0158371040723981,0.342052356041336,2022-04-14,2022-04-20,0.536345322688358,0,train,-0.055995475113122,0.567607138145439,2022-04-14,2022-05-16,0.575576250870577,0,train
2022-04-14,0.00277315585135892,0.316017893976868,2022-04-15,2022-04-21,0.53832854815512,0,train,-0.0804215196894062,0.563814621045334,2022-04-15,2022-05-17,0.575576250870577,0,train
2022-04-15,-0.0376843255051884,0.348386574770656,2022-04-18,2022-04-22,0.541010974433392,0,train,-0.13599126160568,0.585351192887164,2022-04-18,2022-05-18,0.575576250870577,1,train
2022-04-18,-0.138286334056399,0.810634491296839,2022-04-19,2022-04-25,0.544223017268547,1,train,-0.112798264642082,0.596825004147795,2022-04-19,2022-05-19,0.575576250870577,1,train
2022-04-19,-0.0879368658399097,0.7733884191647,2022-04-20,2022-04-26,0.544223017268547,1,train,-0.0501691093573843,0.590171608421189,2022-04-20,2022-05-20,0.575576250870577,1,train
2022-04-20,-0.0796213808463249,0.7832986902653,2022-04-21,2022-04-27,0.544223017268547,1,train,-0.0384187082405343,0.59500088677811,2022-04-21,2022-05-23,0.575576250870577,1,train
2022-04-21,-0.0580752212389379,0.80998626783284,2022-04-22,2022-04-28,0.544223017268547,1,train,-0.0813053097345132,0.61040843865199,2022-04-22,2022-05-24,0.575576250870577,1,train
2022-04-22,-0.0130533484676502,0.802905900780123,2022-04-25,2022-04-29,0.544223017268547,1,train,-0.0329171396140748,0.610295513036464,2022-04-25,2022-05-25,0.575576250870577,1,train
2022-04-25,0.0969162995594716,0.326567226126371,2022-04-26,2022-05-05,0.550185076440114,0,train,0.0497168030207678,0.493595192255779,2022-04-26,2022-05-26,0.577255947863993,0,train
2022-04-26,0.0197775030902351,0.491622765501249,2022-04-27,2022-05-06,0.551916696281513,0,train,0.0673671199011125,0.504716972171618,2022-04-27,2022-05-27,0.577975078907647,0,train
2022-04-27,-0.0241984271022382,0.494503090160329,2022-04-28,2022-05-09,0.555515579617711,0,train,0.0623109497882638,0.502456487067085,2022-04-28,2022-05-30,0.57846128880733,0,train
2022-04-28,-0.0851438637698179,0.510331734036401,2022-04-29,2022-05-10,0.556965393184198,0,train,0.0481503229594834,0.494625245098283,2022-04-29,2022-05-31,0.57867589831702,0,train
2022-04-29,-0.0557791834387579,0.61429830488251,2022-05-05,2022-05-11,0.558653999066298,1,train,0.0414031052328925,0.491706452807969,2022-05-05,2022-06-01,0.579194351230137,0,train
2022-05-05,-0.0866322432587493,0.65214517680897,2022-05-06,2022-05-12,0.558653999066298,1,train,0.0734366035570853,0.505068771538943,2022-05-06,2022-06-02,0.579836653900509,0,train
2022-05-06,-0.00242424242424246,0.574317206640135,2022-05-09,2022-05-13,0.558653999066298,1,train,0.121212121212121,0.467778372060291,2022-05-09,2022-06-06,0.580575782706657,0,train
2022-05-09,0.0347179169249845,0.560019191163787,2022-05-10,2022-05-16,0.558653999066298,1,train,0.151270923744575,0.460993919206152,2022-05-10,2022-06-07,0.582335986704336,0,train
2022-05-10,0.0641848523748395,0.505137768793847,2022-05-11,2022-05-17,0.558653999066298,0,train,0.189345314505776,0.44430698498345,2022-05-11,2022-06-08,0.582518257264438,0,train
2022-05-11,-0.0365408038976857,0.476603165839475,2022-05-12,2022-05-18,0.561095738685267,0,train,0.126065773447016,0.403389173974235,2022-05-12,2022-06-09,0.582893604064905,0,train
2022-05-12,0.0276381909547738,0.485522995345123,2022-05-13,2022-05-19,0.562914568772471,0,train,0.148869346733668,0.390081902018587,2022-05-13,2022-06-10,0.583387312607887,0,train
2022-05-13,0.0236938031591736,0.472807852352004,2022-05-16,2022-05-20,0.566110351774799,0,train,0.0978128797083837,0.374151267270235,2022-05-16,2022-06-13,0.584962292436621,0,train
2022-05-16,0.0347513481126422,0.494360781460014,2022-05-17,2022-05-23,0.566110351774799,0,train,0.0802875973636906,0.370978183475764,2022-05-17,2022-06-14,0.584962292436621,0,train
2022-05-17,0.00180940892641724,0.564547119030681,2022-05-18,2022-05-24,0.566110351774799,0,train,0.0458383594692398,0.395296306723596,2022-05-18,2022-06-15,0.584962292436621,0,train
2022-05-18,0.0771175726927938,0.49058290059121,2022-05-19,2022-05-25,0.566110351774799,0,train,0.0967130214917823,0.358499711642778,2022-05-19,2022-06-16,0.585388110966773,0,train
2022-05-19,0.019559902200489,0.454832707100205,2022-05-20,2022-05-26,0.566110351774799,0,train,0.0042787286063568,0.389525217764308,2022-05-20,2022-06-17,0.585628920909183,0,train
2022-05-20,0.0249258160237389,0.473155815080619,2022-05-23,2022-05-27,0.566110351774799,0,train,-0.114540059347181,0.507802142283163,2022-05-23,2022-06-20,0.586019884048411,0,train
2022-05-23,0.0167921250723799,0.455305065519339,2022-05-24,2022-05-30,0.566110351774799,0,train,-0.132599884192241,0.500428218167567,2022-05-24,2022-06-21,0.586496686703761,0,train
2022-05-24,0.074653822998194,0.379868975466121,2022-05-25,2022-05-31,0.566110351774799,0,train,-0.145695364238411,0.517959573203842,2022-05-25,2022-06-22,0.588252564966109,0,train
2022-05-25,0.0627934272300471,0.3491652553015,2022-05-26,2022-06-01,0.566110351774799,0,train,-0.120305164319249,0.54585060100849,2022-05-26,2022-06-23,0.589480753573122,0,train
2022-05-26,0.121702637889688,0.390485792114415,2022-05-27,2022-06-02,0.566110351774799,0,train,-0.117505995203837,0.544399255080749,2022-05-27,2022-06-24,0.589480753573122,0,train
2022-05-27,0.0712217718587145,0.31305347312601,2022-05-30,2022-06-06,0.566110351774799,0,train,-0.102489866821077,0.561014378927873,2022-05-30,2022-06-27,0.589480753573122,0,train
2022-05-30,0.05751708428246,0.291109592379099,2022-05-31,2022-06-07,0.566110351774799,0,train,-0.078587699316629,0.578334659407876,2022-05-31,2022-06-28,0.589480753573122,0,train
2022-05-31,0.0380952380952378,0.267313924124402,2022-06-01,2022-06-08,0.566110351774799,0,train,-0.0997198879551824,0.575913821480688,2022-06-01,2022-06-29,0.589480753573122,0,train
2022-06-01,0.0209828823854222,0.247290855407159,2022-06-02,2022-06-09,0.566110351774799,0,train,-0.126449475427941,0.576315412207779,2022-06-02,2022-06-30,0.589480753573122,0,train
2022-06-02,-0.022447888829503,0.116494793143429,2022-06-06,2022-06-10,0.566110351774799,0,train,-0.200962052378407,0.599221794373686,2022-06-06,2022-07-01,0.589480753573122,1,train
2022-06-06,-0.0232432432432433,0.120542588213103,2022-06-07,2022-06-13,0.566110351774799,0,train,-0.222162162162162,0.613046888771989,2022-06-07,2022-07-04,0.589480753573122,1,train
2022-06-07,-0.0290791599353797,0.118571374081018,2022-06-08,2022-06-14,0.566110351774799,0,train,-0.20032310177706,0.622994720696225,2022-06-08,2022-07-05,0.589480753573122,1,train
2022-06-08,-0.0642201834862385,0.300941951676653,2022-06-09,2022-06-15,0.566110351774799,0,train,-0.19373988127361,0.623316817743553,2022-06-09,2022-07-06,0.589480753573122,1,train
2022-06-09,-0.0616549486208762,0.30057852212287,2022-06-10,2022-06-16,0.566110351774799,0,train,-0.181719848566793,0.624881802341836,2022-06-10,2022-07-07,0.589480753573122,1,train
2022-06-10,-0.101694915254237,0.483731949509719,2022-06-13,2022-06-17,0.566110351774799,0,train,-0.173865500273374,0.623705865060111,2022-06-13,2022-07-08,0.589480753573122,1,train
2022-06-13,-0.174322080796901,0.833692176330991,2022-06-14,2022-06-20,0.566110351774799,1,train,-0.179856115107914,0.626015796550154,2022-06-14,2022-07-11,0.589480753573122,1,train
2022-06-14,-0.16916250693289,0.834030537773834,2022-06-15,2022-06-21,0.566110351774799,1,train,-0.215751525235718,0.647789881662992,2022-06-15,2022-07-12,0.589480753573122,1,train
2022-06-15,-0.181660899653979,0.875674167177841,2022-06-16,2022-06-22,0.566110351774799,1,train,-0.155709342560554,0.64471821450463,2022-06-16,2022-07-13,0.589480753573122,1,train
2022-06-16,-0.136023054755043,0.958329235621029,2022-06-17,2022-06-23,0.566110351774799,1,train,-0.198270893371758,0.669792811493419,2022-06-17,2022-07-14,0.589480753573122,1,train
2022-06-17,-0.10407790626902,0.886247937137613,2022-06-20,2022-06-24,0.566110351774799,1,train,-0.214850882531954,0.694849735378366,2022-06-20,2022-07-15,0.589480753573122,1,train
2022-06-20,0.0388739946380697,0.671842910188413,2022-06-21,2022-06-27,0.567433242636956,1,train,-0.0898123324396784,0.631633091072485,2022-06-21,2022-07-18,0.589480753573122,1,train
2022-06-21,0.0801068090787718,0.737206219197723,2022-06-22,2022-06-28,0.568652368224698,1,train,-0.123497997329773,0.642701932786604,2022-06-22,2022-07-19,0.589480753573122,1,train
2022-06-22,0.132487667371388,0.630776410241866,2022-06-23,2022-06-29,0.569839491990332,1,train,-0.062015503875969,0.615155957109845,2022-06-23,2022-07-20,0.589480753573122,1,train
2022-06-23,0.0553702468312209,0.508588909058515,2022-06-24,2022-06-30,0.570181154029393,0,train,-0.123415610406938,0.585318104821147,2022-06-24,2022-07-21,0.589480753573122,0,train
2022-06-24,0.0156250000000001,0.635030702819166,2022-06-27,2022-07-01,0.570771286336357,1,train,-0.0747282608695652,0.5955282848818,2022-06-27,2022-07-22,0.589480753573122,1,train
2022-06-27,-0.0716129032258064,0.58511528343824,2022-06-28,2022-07-04,0.571729259955244,1,train,-0.0825806451612905,0.586923978806465,2022-06-28,2022-07-25,0.589480753573122,0,train
2022-06-28,-0.0822002472187887,0.547129390315398,2022-06-29,2022-07-05,0.573472895840274,0,train,-0.0747836835599509,0.595431679765709,2022-06-29,2022-07-26,0.589480753573122,1,train
2022-06-29,-0.0703173615432483,0.546667390712695,2022-06-30,2022-07-06,0.574570285819513,0,train,-0.0734287492221533,0.595243061028604,2022-06-30,2022-07-27,0.589480753573122,1,train
2022-06-30,-0.0436156763590393,0.542682243460241,2022-07-01,2022-07-07,0.574570285819513,0,train,0.00316055625790107,0.634357133873296,2022-07-01,2022-07-28,0.589480753573122,1,train
2022-07-01,0.0107023411371236,0.365157535676557,2022-07-04,2022-07-08,0.576074818967067,0,train,0.0461538461538458,0.603971277345961,2022-07-04,2022-07-29,0.590482343198543,1,train
2022-07-04,0.0298818624044474,0.280727046011507,2022-07-05,2022-07-11,0.579003407859002,0,train,0.0938151494093118,0.589006024344171,2022-07-05,2022-08-01,0.591500180032503,0,train
2022-07-05,-0.0478114478114479,0.374294544215922,2022-07-06,2022-07-12,0.579003407859002,0,train,0.0868686868686868,0.585139024101575,2022-07-06,2022-08-02,0.592055944907523,0,train
2022-07-06,-0.0200803212851406,0.446225213997713,2022-07-07,2022-07-13,0.579003407859002,0,train,0.0528781793842034,0.591836028648256,2022-07-07,2022-08-03,0.592953740899633,0,train
2022-07-07,-0.0806345009914078,0.56826756170195,2022-07-08,2022-07-14,0.579003407859002,0,train,6.93889390390723e-17,0.60606473450747,2022-07-08,2022-08-04,0.593159512124219,1,train
2022-07-08,-0.14626075446724,0.780528790984987,2022-07-11,2022-07-15,0.579003407859002,1,train,0.0514988847219158,0.630407924306873,2022-07-11,2022-08-05,0.59396999573565,1,train
2022-07-11,-0.0836707152496626,0.850471035194813,2022-07-12,2022-07-18,0.579003407859002,1,train,0.0935755818796754,0.630595209463173,2022-07-12,2022-08-08,0.594660299656498,1,train
2022-07-12,-0.0714285714285714,0.818133920840617,2022-07-13,2022-07-19,0.579003407859002,1,train,0.123631410760124,0.612225943215851,2022-07-13,2022-08-09,0.594922204720243,1,train
2022-07-13,-0.090846994535519,0.786019305664545,2022-07-14,2022-07-20,0.579003407859002,1,train,0.0875075895567698,0.599716244062988,2022-07-14,2022-08-10,0.595014009418098,1,train
2022-07-14,-0.0553558590941769,0.703060749763935,2022-07-15,2022-07-21,0.579003407859002,1,train,0.170647282796815,0.577134300782243,2022-07-15,2022-08-11,0.595142790254431,0,train
2022-07-15,0.055813953488372,0.522289708338359,2022-07-18,2022-07-22,0.582011810264044,0,train,0.24441573356302,0.513861789005071,2022-07-18,2022-08-12,0.595545119123118,0,train
2022-07-18,0.0471281296023563,0.483167131137198,2022-07-19,2022-07-25,0.584880845039092,0,train,0.14488445244459,0.493658452958366,2022-07-19,2022-08-15,0.595973607229396,0,train
2022-07-19,0.14013709063214,0.55620630441205,2022-07-20,2022-07-26,0.585727030455979,0,train,0.205880417101539,0.483288216193755,2022-07-20,2022-08-16,0.596245446390949,0,train
2022-07-20,0.118707738542449,0.549061636118848,2022-07-21,2022-07-27,0.589150279515088,0,train,0.129309625177394,0.515058788351578,2022-07-21,2022-08-17,0.596948134535639,0,train
2022-07-21,0.207762557077625,0.705626980971835,2022-07-22,2022-07-28,0.594973332431646,1,train,0.134721987334874,0.513833425320231,2022-07-22,2022-08-18,0.596948134535639,0,train
2022-07-22,0.148311306901615,0.666163235687482,2022-07-25,2022-07-29,0.594973332431646,1,train,0.0866644912166204,0.498492467482202,2022-07-25,2022-08-19,0.596948134535639,0,train
2022-07-25,0.106891701828411,0.593425019843174,2022-07-26,2022-08-01,0.594973332431646,0,train,0.067085134830095,0.482604960823878,2022-07-26,2022-08-22,0.596948134535639,0,train
2022-07-26,0.0781563126252507,0.500745183480198,2022-07-27,2022-08-02,0.594973332431646,0,train,0.0349093248224845,0.452837922756377,2022-07-27,2022-08-23,0.596948134535639,0,train
2022-07-27,0.0564137004701144,0.531664902436084,2022-07-28,2022-08-03,0.594973332431646,0,train,0.0567038944025735,0.455763841568958,2022-07-28,2022-08-24,0.596948134535639,0,train
2022-07-28,-0.0466288594833015,0.392588810127983,2022-07-29,2022-08-04,0.59849131569832,0,train,-0.0230888313223957,0.399097032357631,2022-07-29,2022-08-25,0.597413874831244,0,train
2022-07-29,0.0158662498815953,0.513684158351539,2022-08-01,2022-08-05,0.599875728170022,0,train,0.0327271005020366,0.421587721832302,2022-08-01,2022-08-26,0.598023619802705,0,train
2022-08-01,0.0296562975512574,0.530750939988853,2022-08-02,2022-08-08,0.599875728170022,0,train,-0.0031530895571557,0.433372667471278,2022-08-02,2022-08-29,0.598023619802705,0,train
2022-08-02,-0.0156042039561247,0.51944982232145,2022-08-03,2022-08-09,0.599875728170022,0,train,-0.0714274786972021,0.454277956102007,2022-08-03,2022-08-30,0.598023619802705,0,train
2022-08-03,0.0121494666949211,0.486493264038486,2022-08-04,2022-08-10,0.599875728170022,0,train,-0.043033285457528,0.445274040804361,2022-08-04,2022-08-31,0.598023619802705,0,train
2022-08-04,0.0762527233115466,0.431284333805296,2022-08-05,2022-08-11,0.599875728170022,0,train,-0.0188816267247642,0.426227226385638,2022-08-05,2022-09-01,0.59904473298974,0,train
2022-08-05,0.0103734439834024,0.275289560715361,2022-08-08,2022-08-12,0.599875728170022,0,train,-0.0767634854771786,0.391581831689266,2022-08-08,2022-09-02,0.599282042492553,0,train
2022-08-08,-0.0406779661016949,0.327863358158115,2022-08-09,2022-08-15,0.599875728170022,0,train,-0.0616949152542374,0.405881859261249,2022-08-09,2022-09-05,0.599567740812203,0,train
2022-08-09,-0.00345781466113399,0.323002615919522,2022-08-10,2022-08-16,0.599875728170022,0,train,-0.0435684647302906,0.399723088987135,2022-08-10,2022-09-06,0.600237650631124,0,train
2022-08-10,-0.0559006211180123,0.490234920357662,2022-08-11,2022-08-17,0.599875728170022,0,train,-0.0614216701173224,0.40406448651858,2022-08-11,2022-09-07,0.600237650631124,0,train
2022-08-11,-0.0843454790823211,0.466966346974036,2022-08-12,2022-08-18,0.599875728170022,0,train,-0.0472334682860999,0.417873929148729,2022-08-12,2022-09-08,0.600237650631124,0,train
2022-08-12,-0.0780287474332648,0.458857000801093,2022-08-15,2022-08-19,0.599875728170022,0,train,-0.0136892539356605,0.421022716818235,2022-08-15,2022-09-09,0.600237650631124,0,train
2022-08-15,-0.0240282685512368,0.436217831764853,2022-08-16,2022-08-22,0.599875728170022,0,train,0.0296819787985865,0.407309247028077,2022-08-16,2022-09-13,0.600237650631124,0,train
2022-08-16,-0.0215128383067316,0.44197759056991,2022-08-17,2022-08-23,0.599875728170022,0,train,-2.46330733588707e-16,0.404054390065347,2022-08-17,2022-09-14,0.600237650631124,0,train
2022-08-17,0.0467836257309939,0.266850474145172,2022-08-18,2022-08-24,0.599875728170022,0,train,0.0562865497076022,0.359586915137689,2022-08-18,2022-09-15,0.600237650631124,0,train
2022-08-18,0.0397936624907882,0.280934236640558,2022-08-19,2022-08-25,0.599875728170022,0,train,0.0537951363301398,0.360351839708019,2022-08-19,2022-09-16,0.600237650631124,0,train
2022-08-19,0.0913140311804007,0.400923090922241,2022-08-22,2022-08-26,0.599875728170022,0,train,0.0475129918337044,0.362516771859439,2022-08-22,2022-09-19,0.600237650631124,0,train
2022-08-22,0.0340333091962345,0.41445209249476,2022-08-23,2022-08-29,0.599875728170022,0,train,0.00796524257784208,0.354830296416363,2022-08-23,2022-09-20,0.600237650631124,0,train
2022-08-23,-0.0326241134751773,0.505935615700499,2022-08-24,2022-08-30,0.599875728170022,0,train,-0.00212765957446808,0.349156533812987,2022-08-24,2022-09-21,0.600237650631124,0,train
2022-08-24,-0.0432960893854748,0.494834049972886,2022-08-25,2022-08-31,0.599875728170022,0,train,0.00279329608938546,0.352327270960319,2022-08-25,2022-09-22,0.600237650631124,0,train
2022-08-25,-0.0425230333097093,0.493650486620452,2022-08-26,2022-09-01,0.599875728170022,0,train,0.0191353649893692,0.348437831542264,2022-08-26,2022-09-23,0.600237650631124,0,train
2022-08-26,-0.0918367346938775,0.407764526876492,2022-08-29,2022-09-02,0.599875728170022,0,train,-0.0333333333333335,0.319449202342678,2022-08-29,2022-09-26,0.600237650631124,0,train
2022-08-29,-0.030812324929972,0.43521192465722,2022-08-30,2022-09-05,0.599875728170022,0,train,0.00630252100840333,0.305024471278127,2022-08-30,2022-09-27,0.600237650631124,0,train
2022-08-30,0.0139296187683284,0.288909092599362,2022-08-31,2022-09-06,0.599875728170022,0,train,0.0432551319648093,0.260299468056086,2022-08-31,2022-09-28,0.600237650631124,0,train
2022-08-31,-0.00729927007299276,0.310921609670251,2022-09-01,2022-09-07,0.599875728170022,0,train,0.0547445255474451,0.26547848494115,2022-09-01,2022-09-29,0.600237650631124,0,train
2022-09-01,0.0451517394522576,0.397243080726514,2022-09-02,2022-09-08,0.599875728170022,0,train,0.0680977054034047,0.260855304740378,2022-09-02,2022-09-30,0.600237650631124,0,train
2022-09-02,0.0794007490636705,0.414100870453572,2022-09-05,2022-09-09,0.599875728170022,0,train,0.107865168539326,0.271860420714003,2022-09-05,2022-10-10,0.600237650631124,0,train
2022-09-05,0.0527456647398845,0.334869135292518,2022-09-06,2022-09-13,0.599875728170022,0,train,0.0419075144508669,0.25617137520448,2022-09-06,2022-10-11,0.600237650631124,0,train
2022-09-06,0.0419378163412871,0.34388413592009,2022-09-07,2022-09-14,0.599875728170022,0,train,0.0332610267534344,0.258167703042022,2022-09-07,2022-10-12,0.600237650631124,0,train
2022-09-07,0.0625000000000001,0.323216395359127,2022-09-08,2022-09-15,0.599875728170022,0,train,0.0235294117647057,0.267914254283446,2022-09-08,2022-10-13,0.600237650631124,0,train
2022-09-08,0.0127478753541076,0.197476277262111,2022-09-09,2022-09-16,0.599875728170022,0,train,-0.00495750708215313,0.234791103330636,2022-09-09,2022-10-14,0.600237650631124,0,train
2022-09-09,-0.0208188757807079,0.164872297229386,2022-09-13,2022-09-19,0.599875728170022,0,train,-0.0471894517696047,0.237922686277611,2022-09-13,2022-10-17,0.600237650631124,0,train
2022-09-13,-0.0446122168840083,0.174071430484763,2022-09-14,2022-09-20,0.599875728170022,0,train,-0.0569663692518876,0.234686089399773,2022-09-14,2022-10-18,0.600237650631124,0,train
2022-09-14,-0.0235947258848022,0.173047769297562,2022-09-15,2022-09-21,0.599875728170022,0,train,-0.0451075641915338,0.231447392084523,2022-09-15,2022-10-19,0.600237650631124,0,train
2022-09-15,-0.00622837370242227,0.224802581942311,2022-09-16,2022-09-22,0.599875728170022,0,train,-0.07681660899654,0.256083449541994,2022-09-16,2022-10-20,0.600237650631124,0,train
2022-09-16,0.00559440559440549,0.212475743539114,2022-09-19,2022-09-23,0.599875728170022,0,train,-0.0538461538461541,0.258315419565806,2022-09-19,2022-10-21,0.600237650631124,0,train
2022-09-19,0.00708717221828475,0.207982828201228,2022-09-20,2022-09-26,0.599875728170022,0,train,-0.0368532955350818,0.254399815472522,2022-09-20,2022-10-24,0.600237650631124,0,train
2022-09-20,0.0323275862068965,0.200778714677608,2022-09-21,2022-09-27,0.599875728170022,0,train,-0.0380747126436785,0.255290189632892,2022-09-21,2022-10-25,0.600237650631124,0,train
2022-09-21,0.0113717128642501,0.198375802703275,2022-09-22,2022-09-28,0.599875728170022,0,train,-0.0582800284292825,0.25518140414558,2022-09-22,2022-10-26,0.600237650631124,0,train
2022-09-22,0.00626740947075206,0.17389082042988,2022-09-23,2022-09-29,0.599875728170022,0,train,-0.103760445682451,0.265597047347312,2022-09-23,2022-10-27,0.600237650631124,0,train
2022-09-23,0.00347705146036158,0.17388810536057,2022-09-26,2022-09-30,0.599875728170022,0,train,-0.131432545201669,0.286068597564018,2022-09-26,2022-10-28,0.600237650631124,0,train
2022-09-26,0.0408163265306123,0.231760849309145,2022-09-27,2022-10-10,0.599875728170022,0,train,-0.146375791695989,0.301381509381266,2022-09-27,2022-10-31,0.600237650631124,0,train
2022-09-27,0.00347947112038959,0.28239121966955,2022-09-28,2022-10-11,0.599875728170022,0,train,-0.125956854558107,0.323328598638773,2022-09-28,2022-11-01,0.600237650631124,0,train
2022-09-28,0.0042164441321151,0.281153806805876,2022-09-29,2022-10-12,0.599875728170022,0,train,-0.11595221363317,0.321505169081054,2022-09-29,2022-11-02,0.600237650631124,0,train
2022-09-29,-0.0366782006920416,0.319169444161507,2022-09-30,2022-10-13,0.599875728170022,0,train,-0.121799307958478,0.318362748487619,2022-09-30,2022-11-03,0.600237650631124,0,train
2022-09-30,-0.0263340263340263,0.325772242453497,2022-10-10,2022-10-14,0.599875728170022,0,train,-0.0817740817740819,0.353308765641728,2022-10-10,2022-11-04,0.600237650631124,0,train
2022-10-10,-0.0716700473292765,0.319806185195731,2022-10-11,2022-10-17,0.599875728170022,0,train,-0.105476673427992,0.342351894669039,2022-10-11,2022-11-07,0.600237650631124,0,train
2022-10-11,-0.0471567267683772,0.264485323044536,2022-10-12,2022-10-18,0.599875728170022,0,train,-0.0568654646324549,0.344533728685761,2022-10-12,2022-11-08,0.600237650631124,0,train
2022-10-12,-0.0370888733379985,0.256759865579572,2022-10-13,2022-10-19,0.599875728170022,0,train,-0.039888033589923,0.344445207050648,2022-10-13,2022-11-09,0.600237650631124,0,train
2022-10-13,-0.0416666666666667,0.282261545650901,2022-10-14,2022-10-20,0.599875728170022,0,train,-0.0294540229885057,0.336108691053274,2022-10-14,2022-11-10,0.600237650631124,0,train
2022-10-14,-0.0370106761565837,0.292227403250047,2022-10-17,2022-10-21,0.599875728170022,0,train,0.00854092526690395,0.374893592928619,2022-10-17,2022-11-11,0.600237650631124,0,train
2022-10-17,-0.0101966496722507,0.244194840775332,2022-10-18,2022-10-24,0.599875728170022,0,train,0.0349599417334305,0.366001641434463,2022-10-18,2022-11-14,0.600237650631124,0,train
2022-10-18,-0.0254730713245998,0.265862641924681,2022-10-19,2022-10-25,0.599875728170022,0,train,0.0465793304221252,0.368418964219567,2022-10-19,2022-11-15,0.600237650631124,0,train
2022-10-19,-0.0370639534883723,0.27594228623898,2022-10-20,2022-10-26,0.599875728170022,0,train,0.0668604651162791,0.375602964423704,2022-10-20,2022-11-16,0.600237650631124,0,train
2022-10-20,-0.0352323838080961,0.265308187904301,2022-10-21,2022-10-27,0.599875728170022,0,train,0.109445277361319,0.360284663802053,2022-10-21,2022-11-17,0.600237650631124,0,train
2022-10-21,-0.0768662232076868,0.324929973532207,2022-10-24,2022-10-28,0.599875728170022,0,train,0.113821138211382,0.362495766299059,2022-10-24,2022-11-18,0.600237650631124,0,train
2022-10-24,-0.107431935246505,0.384321543976511,2022-10-25,2022-10-31,0.599875728170022,0,train,0.0971302428256073,0.364131884367249,2022-10-25,2022-11-21,0.600237650631124,0,train
2022-10-25,-0.0619865571321882,0.444730591894971,2022-10-26,2022-11-01,0.599875728170022,0,train,0.0828976848394327,0.37365592228402,2022-10-26,2022-11-22,0.600237650631124,0,train
2022-10-26,-0.050566037735849,0.438571611022277,2022-10-27,2022-11-02,0.599875728170022,0,train,0.105660377358491,0.373579130914668,2022-10-27,2022-11-23,0.600237650631124,0,train
2022-10-27,-0.0139860139860139,0.391778265974132,2022-10-28,2022-11-03,0.599875728170022,0,train,0.137529137529138,0.359024390796401,2022-10-28,2022-11-24,0.600237650631124,0,train
2022-10-28,0.0608486789431547,0.449671478586355,2022-10-31,2022-11-04,0.599875728170022,0,train,0.213771016813451,0.364595812880669,2022-10-31,2022-11-25,0.600237650631124,0,train
2022-10-31,0.0906842539159111,0.399010167312436,2022-11-01,2022-11-07,0.599875728170022,0,train,0.245671887881286,0.34969992602243,2022-11-01,2022-11-28,0.600237650631124,0,train
2022-11-01,0.0828025477707008,0.369314542042496,2022-11-02,2022-11-08,0.599875728170022,0,train,0.226910828025478,0.334469541689327,2022-11-02,2022-11-29,0.600237650631124,0,train
2022-11-02,0.0906200317965024,0.374373036874645,2022-11-03,2022-11-09,0.599875728170022,0,train,0.222575516693164,0.334493383304743,2022-11-03,2022-11-30,0.600237650631124,0,train
2022-11-03,0.0646178092986605,0.385131126233888,2022-11-04,2022-11-10,0.599875728170022,0,train,0.208037825059102,0.3332632720628,2022-11-04,2022-12-01,0.600237650631124,0,train
2022-11-04,0.0694339622641511,0.41109614752728,2022-11-07,2022-11-11,0.599875728170022,0,train,0.188679245283019,0.311083448948374,2022-11-07,2022-12-02,0.600237650631124,0,train
2022-11-07,0.0740740740740742,0.411443219759918,2022-11-08,2022-11-14,0.599875728170022,0,train,0.193538508651049,0.311170887066731,2022-11-08,2022-12-05,0.600237650631124,0,train
2022-11-08,0.0573529411764706,0.371575911603531,2022-11-09,2022-11-15,0.599875728170022,0,train,0.1618119916777,0.295374804022254,2022-11-09,2022-12-06,0.600237650631124,0,train
2022-11-09,0.0699708454810497,0.394545274293435,2022-11-10,2022-11-16,0.599875728170022,0,train,0.129503248244636,0.301703288156376,2022-11-10,2022-12-07,0.600237650631124,0,train
2022-11-10,0.0954848260547743,0.383426038801344,2022-11-11,2022-11-17,0.599875728170022,0,train,0.184545924062443,0.317893944479715,2022-11-11,2022-12-08,0.600237650631124,0,train
2022-11-11,0.0635144671841921,0.220972291189458,2022-11-14,2022-11-18,0.599875728170022,0,train,0.164397860613088,0.290077033309657,2022-11-14,2022-12-09,0.600237650631124,0,train
2022-11-14,0.0492610837438425,0.232745420968445,2022-11-15,2022-11-21,0.599875728170022,0,train,0.144013431961098,0.294652963449743,2022-11-15,2022-12-12,0.600237650631124,0,train
2022-11-15,0.00834492350486801,0.293645712749873,2022-11-16,2022-11-22,0.599875728170022,0,train,0.138941187519286,0.292809612061434,2022-11-16,2022-12-13,0.600237650631124,0,train
2022-11-16,-0.00204359673024527,0.264724887419249,2022-11-17,2022-11-23,0.599875728170022,0,train,0.115665822651726,0.283488548918069,2022-11-17,2022-12-14,0.600237650631124,0,train
2022-11-17,-0.0108108108108108,0.258384077357988,2022-11-18,2022-11-24,0.599875728170022,0,train,0.136047623185887,0.29700091523997,2022-11-18,2022-12-15,0.600237650631124,0,train
2022-11-18,0.00597213005972113,0.334196338162365,2022-11-21,2022-11-25,0.599875728170022,0,train,0.103595866662968,0.292556020428659,2022-11-21,2022-12-16,0.600237650631124,0,train
2022-11-21,0.0134138162307175,0.326335847484594,2022-11-22,2022-11-28,0.599875728170022,0,train,0.0780761740863186,0.314290872551509,2022-11-22,2022-12-19,0.600237650631124,0,train
2022-11-22,0.0627586206896551,0.294601092338504,2022-11-23,2022-11-29,0.599875728170022,0,train,0.123927264663488,0.302275748391458,2022-11-23,2022-12-20,0.600237650631124,0,train
2022-11-23,0.0498293515358362,0.285732188724784,2022-11-24,2022-11-30,0.599875728170022,0,train,0.146296763714979,0.318395097064458,2022-11-24,2022-12-21,0.600237650631124,0,train
2022-11-24,0.0471311475409836,0.286624826152244,2022-11-25,2022-12-01,0.599875728170022,0,train,0.131167307996416,0.322224032620096,2022-11-25,2022-12-22,0.600237650631124,0,train
2022-11-25,0.0389182058047495,0.239949287167181,2022-11-28,2022-12-02,0.599875728170022,0,train,0.102389092976101,0.299215213406693,2022-11-28,2022-12-23,0.600237650631124,0,train
2022-11-28,0.045037357343043,0.239495812927725,2022-11-29,2022-12-05,0.599875728170022,0,train,0.110058924797998,0.299262823936501,2022-11-29,2022-12-26,0.600237650631124,0,train
2022-11-29,0.0253499731873277,0.194676226328036,2022-11-30,2022-12-06,0.599875728170022,0,train,0.0989648430571873,0.293007103849457,2022-11-30,2022-12-27,0.600237650631124,0,train
2022-11-30,0.007593274766996,0.238141498226591,2022-12-01,2022-12-07,0.599875728170022,0,train,0.100449909892582,0.292933142195503,2022-12-01,2022-12-28,0.600237650631124,0,train
2022-12-01,0.0439149011143903,0.329081433869576,2022-12-02,2022-12-08,0.599875728170022,0,train,0.116592520812228,0.295443576316529,2022-12-02,2022-12-29,0.600237650631124,0,train
2022-12-02,0.047588424437299,0.344219602417172,2022-12-05,2022-12-09,0.599875728170022,0,train,0.109967845659164,0.289274913953961,2022-12-05,2022-12-30,0.600237650631124,0,train
2022-12-05,0.0295060936497754,0.359524289490549,2022-12-06,2022-12-12,0.599875728170022,0,train,0.0923669018601667,0.293026286491801,2022-12-06,2023-01-03,0.600237650631124,0,train
2022-12-06,0.0365384615384617,0.363364052076597,2022-12-07,2022-12-13,0.599875728170022,0,train,0.0852564102564103,0.29376221691677,2022-12-07,2023-01-04,0.600237650631124,0,train
2022-12-07,0.0568627450980394,0.336198611836061,2022-12-08,2022-12-14,0.599875728170022,0,train,0.0980392156862746,0.286869178274332,2022-12-08,2023-01-05,0.600237650631124,0,train
2022-12-08,0.0506329113924051,0.309236902870471,2022-12-09,2022-12-15,0.599875728170022,0,train,0.0822784810126581,0.270576763551762,2022-12-09,2023-01-06,0.600237650631124,0,train
2022-12-09,0.00798035604665443,0.233679508761055,2022-12-12,2022-12-16,0.599875728170022,0,train,0.0104358502148557,0.282475670743225,2022-12-12,2023-01-09,0.600237650631124,0,train
2022-12-12,-0.011214953271028,0.319380597061989,2022-12-13,2022-12-19,0.599875728170022,0,train,0.0461059190031151,0.286324154004643,2022-12-13,2023-01-10,0.600237650631124,0,train
2022-12-13,-0.00494743351886214,0.329788479508571,2022-12-14,2022-12-20,0.599875728170022,0,train,0.048237476808905,0.287081556267715,2022-12-14,2023-01-11,0.600237650631124,0,train
2022-12-14,0.0253555967841681,0.392578639112202,2022-12-15,2022-12-21,0.599875728170022,0,train,0.0581323438466292,0.28901216586643,2022-12-15,2023-01-12,0.600237650631124,0,train
2022-12-15,-0.0150602409638554,0.359496127392834,2022-12-16,2022-12-22,0.599875728170022,0,train,0.0614457831325298,0.292778060294708,2022-12-16,2023-01-13,0.600237650631124,0,train
2022-12-16,0.00487210718635806,0.357001495544442,2022-12-19,2022-12-23,0.599875728170022,0,train,0.0140073081607792,0.353016920628781,2022-12-19,2023-01-16,0.600237650631124,0,train
2022-12-19,0.0434782608695652,0.263842805925285,2022-12-20,2022-12-26,0.599875728170022,0,train,0.0522999369880273,0.331826709272322,2022-12-20,2023-01-17,0.600237650631124,0,train
2022-12-20,0.0391547545059043,0.254401145770932,2022-12-21,2022-12-27,0.599875728170022,0,train,0.0459912989434429,0.329360533033549,2022-12-21,2023-01-18,0.600237650631124,0,train
2022-12-21,0.00784077201447528,0.13921363266877,2022-12-22,2022-12-28,0.599875728170022,0,train,0.0283474065138719,0.315062186517044,2022-12-22,2023-01-19,0.600237650631124,0,train
2022-12-22,0.0336391437308868,0.126444095638269,2022-12-23,2022-12-29,0.599875728170022,0,train,0.0581039755351679,0.315396858526361,2022-12-23,2023-01-20,0.600237650631124,0,train
2022-12-23,0.0460606060606061,0.184869110584421,2022-12-26,2022-12-30,0.599875728170022,0,train,0.0587878787878786,0.315640840747983,2022-12-26,2023-01-30,0.600237650631124,0,train
2022-12-26,0.0283816425120773,0.206356273344951,2022-12-27,2023-01-03,0.599875728170022,0,train,0.045893719806763,0.316859697464012,2022-12-27,2023-01-31,0.600237650631124,0,train
2022-12-27,0.0125598086124401,0.199176157769347,2022-12-28,2023-01-04,0.599875728170022,0,train,0.0370813397129183,0.315042680763849,2022-12-28,2023-02-01,0.600237650631124,0,train
2022-12-28,0.00538599640933569,0.206513369462229,2022-12-29,2023-01-05,0.599875728170022,0,train,0.0071813285457806,0.3323800436977,2022-12-29,2023-02-02,0.600237650631124,0,train
2022-12-29,0.0118343195266271,0.228022154334704,2022-12-30,2023-01-06,0.599875728170022,0,train,0.0100591715976327,0.333754420503319,2022-12-30,2023-02-03,0.600237650631124,0,train
2022-12-30,-0.0463499420625725,0.320838354258477,2023-01-03,2023-01-09,0.599875728170022,0,train,-0.0110081112398614,0.325259934664356,2023-01-03,2023-02-06,0.600237650631124,0,train
2023-01-03,-0.0140927774515562,0.337233125743723,2023-01-04,2023-01-10,0.599875728170022,0,train,-0.0129183793305935,0.326335309721688,2023-01-04,2023-02-07,0.600237650631124,0,train
2023-01-04,0.00118133490844632,0.341338180967899,2023-01-05,2023-01-11,0.599875728170022,0,train,0.00177200236266941,0.327188184059293,2023-01-05,2023-02-08,0.600237650631124,0,train
2023-01-05,0.0184523809523807,0.343461690586522,2023-01-06,2023-01-12,0.599875728170022,0,train,0.027380952380952,0.33192954597836,2023-01-06,2023-02-09,0.600237650631124,0,train
2023-01-06,0.0304093567251459,0.381649436734895,2023-01-09,2023-01-13,0.599875728170022,0,train,0.00994152046783604,0.32593586051847,2023-01-09,2023-02-10,0.600237650631124,0,train
2023-01-09,0.0115431348724177,0.483652643503969,2023-01-10,2023-01-16,0.599875728170022,0,train,0.022478736330498,0.310310491292566,2023-01-10,2023-02-13,0.600237650631124,0,train
2023-01-10,-0.00536033353186437,0.463156281464224,2023-01-11,2023-01-17,0.599875728170022,0,train,0.0202501488981535,0.308643983512174,2023-01-11,2023-02-14,0.600237650631124,0,train
2023-01-11,-0.00707964601769909,0.461530718696791,2023-01-12,2023-01-18,0.599875728170022,0,train,0.0212389380530974,0.30903795179102,2023-01-12,2023-02-15,0.600237650631124,0,train
2023-01-12,-0.00350672121566336,0.465899758857602,2023-01-13,2023-01-19,0.599875728170022,0,train,0.0286382232612508,0.312842422991133,2023-01-13,2023-02-16,0.600237650631124,0,train
2023-01-13,-0.0181611804767309,0.429257741600436,2023-01-16,2023-01-20,0.599875728170022,0,train,0.00964812712826345,0.297410921982798,2023-01-16,2023-02-17,0.600237650631124,0,train
2023-01-16,0.0492492492492494,0.165779504802111,2023-01-17,2023-01-30,0.599875728170022,0,train,0.0738738738738739,0.219941905353987,2023-01-17,2023-02-20,0.600237650631124,0,train
2023-01-17,0.037125748502994,0.17543499594002,2023-01-18,2023-01-31,0.59849131569832,0,train,0.10059880239521,0.240511261305312,2023-01-18,2023-02-21,0.600237650631124,0,train
2023-01-18,0.0303030303030302,0.166775486509494,2023-01-19,2023-02-01,0.594973332431646,0,train,0.0808080808080807,0.241761312783618,2023-01-19,2023-02-22,0.600237650631124,0,train
2023-01-19,-0.0129032258064517,0.253435758769701,2023-01-20,2023-02-02,0.593547340765571,0,train,0.0656891495601173,0.237357481641471,2023-01-20,2023-02-23,0.600237650631124,0,train
2023-01-20,-0.0132947976878614,0.252300314448112,2023-01-30,2023-02-03,0.589027958592691,0,train,0.0514450867052022,0.23169821320477,2023-01-30,2023-02-24,0.600237650631124,0,train
2023-01-30,-0.0228963938179739,0.242561594337079,2023-01-31,2023-02-06,0.585727030455979,0,train,0.0137378362907841,0.247972360369448,2023-01-31,2023-02-27,0.600237650631124,0,train
2023-01-31,-0.0294457274826791,0.258769351982563,2023-02-01,2023-02-07,0.584880845039092,0,train,0.0259815242494227,0.24636860661008,2023-02-01,2023-02-28,0.600237650631124,0,train
2023-02-01,-0.0219146482122261,0.266217974908422,2023-02-02,2023-02-08,0.584880845039092,0,train,0.0478662053056517,0.258697196046237,2023-02-02,2023-03-01,0.600237650631124,0,train
2023-02-02,0.0255496137849079,0.203594430047344,2023-02-03,2023-02-09,0.584880845039092,0,train,0.0843731431966727,0.236512809433833,2023-02-03,2023-03-02,0.600237650631124,0,train
2023-02-03,0.0117164616285883,0.177095428323482,2023-02-06,2023-02-10,0.584880845039092,0,train,0.0767428236672526,0.232479937808247,2023-02-06,2023-03-03,0.600237650631124,0,train
2023-02-06,-0.0140597539543056,0.254816705097564,2023-02-07,2023-02-13,0.584880845039092,0,train,0.0509666080843586,0.247879912377789,2023-02-07,2023-03-06,0.600237650631124,0,train
2023-02-07,0.019036287923855,0.262281676537525,2023-02-08,2023-02-14,0.584880845039092,0,train,0.0820939916716242,0.246757626605313,2023-02-08,2023-03-07,0.600237650631124,0,train
2023-02-08,0.0206367924528304,0.265181344033018,2023-02-09,2023-02-15,0.584880845039092,0,train,0.0754716981132077,0.244928310516197,2023-02-09,2023-03-08,0.600237650631124,0,train
2023-02-09,0.0196987253765935,0.26218040624502,2023-02-10,2023-02-16,0.584880845039092,0,train,0.0619930475086906,0.237531792672787,2023-02-10,2023-03-09,0.600237650631124,0,train
2023-02-10,0.0301100173711639,0.273006552908593,2023-02-13,2023-02-17,0.584880845039092,0,train,0.0538506079907353,0.238862765323347,2023-02-13,2023-03-10,0.600237650631124,0,train
2023-02-13,0.0623885918003565,0.205541340042366,2023-02-14,2023-02-20,0.584880845039092,0,train,0.103980986333927,0.232472608862737,2023-02-14,2023-03-13,0.600237650631124,0,train
2023-02-14,0.0729713952130764,0.254660507510301,2023-02-15,2023-02-21,0.584880845039092,0,train,0.0741389375364855,0.226504539785739,2023-02-15,2023-03-14,0.600237650631124,0,train
2023-02-15,0.0508376660889658,0.254532730994378,2023-02-16,2023-02-22,0.584880845039092,0,train,0.0704794916233388,0.224837925504596,2023-02-16,2023-03-15,0.600237650631124,0,train
2023-02-16,0.0323863636363635,0.225688624384227,2023-02-17,2023-02-23,0.584880845039092,0,train,0.0249999999999998,0.236903901095321,2023-02-17,2023-03-16,0.600237650631124,0,train
2023-02-17,0.0224845418774591,0.212568649321592,2023-02-20,2023-02-24,0.584880845039092,0,train,0.0286677908937603,0.239271274993172,2023-02-20,2023-03-17,0.600237650631124,0,train
2023-02-20,-0.00950782997762869,0.282747667219813,2023-02-21,2023-02-27,0.584880845039092,0,train,-0.0123042505592842,0.269995562514424,2023-02-21,2023-03-20,0.600237650631124,0,train
2023-02-21,-0.0331882480957562,0.205389220344584,2023-02-22,2023-02-28,0.584880845039092,0,train,-0.043525571273123,0.252136535742611,2023-02-22,2023-03-21,0.600237650631124,0,train
2023-02-22,-0.00109950522264984,0.248428843803985,2023-02-23,2023-03-01,0.584880845039092,0,train,-0.0483782297965916,0.255403051387406,2023-02-23,2023-03-22,0.600237650631124,0,train
2023-02-23,0.00440286186020917,0.250257114911021,2023-02-24,2023-03-02,0.584880845039092,0,train,-0.0599889928453496,0.259749666979204,2023-02-24,2023-03-23,0.600237650631124,0,train
2023-02-24,0.0104452996151732,0.255160511433078,2023-02-27,2023-03-03,0.584880845039092,0,train,-0.0472787245739417,0.26479255835613,2023-02-27,2023-03-24,0.600237650631124,0,train
2023-02-27,0.012987012987013,0.242183329030398,2023-02-28,2023-03-06,0.584880845039092,0,train,-0.0135516657255787,0.248836780745308,2023-02-28,2023-03-27,0.600237650631124,0,train
2023-02-28,0.0236353404614519,0.260247807646969,2023-03-01,2023-03-07,0.584880845039092,0,train,-0.00731570061902081,0.250912768939051,2023-03-01,2023-03-28,0.600237650631124,0,train
2023-03-01,0.00385250412768306,0.207688618765872,2023-03-02,2023-03-08,0.584880845039092,0,train,-0.019812878370941,0.240567533398034,2023-03-02,2023-03-29,0.600237650631124,0,train
2023-03-02,0.00438356164383551,0.208285539494598,2023-03-03,2023-03-09,0.584880845039092,0,train,-0.00767123287671219,0.247275811282964,2023-03-03,2023-03-30,0.600237650631124,0,train
2023-03-03,-0.00979325353645272,0.208318956006019,2023-03-06,2023-03-10,0.584880845039092,0,train,-0.0130576713819368,0.246058998935092,2023-03-06,2023-03-31,0.600237650631124,0,train
2023-03-06,0.035674470457079,0.187956922833092,2023-03-07,2023-03-13,0.584880845039092,0,train,-0.00724637681159405,0.239571551939539,2023-03-07,2023-04-03,0.600237650631124,0,train
2023-03-07,0.0115448048378228,0.174503864914174,2023-03-08,2023-03-14,0.584880845039092,0,train,-0.0307861462341945,0.237237247650798,2023-03-08,2023-04-04,0.600237650631124,0,train
2023-03-08,0.0158991228070174,0.180471623904494,2023-03-09,2023-03-15,0.584880845039092,0,train,-0.0388969092009019,0.237886573098151,2023-03-09,2023-04-06,0.600237650631124,0,train
2023-03-09,-0.0158210583742499,0.259898035225621,2023-03-10,2023-03-16,0.584880845039092,0,train,-0.0406008273946644,0.237507049495404,2023-03-10,2023-04-07,0.600237650631124,0,train
2023-03-10,0.00549450549450545,0.274433721409741,2023-03-13,2023-03-17,0.584880845039092,0,train,-0.0562189534603327,0.250494961361969,2023-03-13,2023-04-10,0.600237650631124,0,train
2023-03-13,-0.0495156081808396,0.343021285185838,2023-03-14,2023-03-20,0.584880845039092,0,train,-0.0499404422458503,0.258368715428937,2023-03-14,2023-04-11,0.600237650631124,0,train
2023-03-14,-0.0445652173913042,0.337529374331101,2023-03-15,2023-03-21,0.584880845039092,0,train,-0.0532615510426603,0.260322837208847,2023-03-15,2023-04-12,0.600237650631124,0,train
2023-03-15,-0.0658391797085806,0.351427680751823,2023-03-16,2023-03-22,0.584880845039092,0,train,-0.0825708374287565,0.273220335192368,2023-03-16,2023-04-13,0.600237650631124,0,train
2023-03-16,-0.0532150776053215,0.310356375386343,2023-03-17,2023-03-23,0.584880845039092,0,train,-0.0582644628099174,0.25613507777961,2023-03-17,2023-04-14,0.600237650631124,0,train
2023-03-17,-0.0530054644808742,0.310874338551947,2023-03-20,2023-03-24,0.584880845039092,0,train,-0.0631882419446014,0.253102965716067,2023-03-20,2023-04-17,0.600237650631124,0,train
2023-03-20,-0.0107587768969422,0.189828348818289,2023-03-21,2023-03-27,0.584880845039092,0,train,-0.0185978975919227,0.222689660339607,2023-03-21,2023-04-18,0.600237650631124,0,train
2023-03-21,0.00341296928327657,0.199304469782452,2023-03-22,2023-03-28,0.584880845039092,0,train,-0.0223055552583622,0.224063102327931,2023-03-22,2023-04-19,0.600237650631124,0,train
2023-03-22,0.028885037550549,0.179680183388851,2023-03-23,2023-03-29,0.584880845039092,0,train,-0.0274891386825888,0.229420442901701,2023-03-23,2023-04-20,0.600237650631124,0,train
2023-03-23,0.0603044496487123,0.19321069577782,2023-03-24,2023-03-30,0.584880845039092,0,train,-0.05451645584489,0.268595325301315,2023-03-24,2023-04-21,0.600237650631124,0,train
2023-03-24,0.0467397576457012,0.163788322475722,2023-03-27,2023-03-31,0.584880845039092,0,train,-0.0796364866404861,0.267244051381871,2023-03-27,2023-04-24,0.600237650631124,0,train
2023-03-27,0.0194619347452778,0.201375035812212,2023-03-28,2023-04-03,0.584880845039092,0,train,-0.100298765640336,0.270761142150515,2023-03-28,2023-04-25,0.600237650631124,0,train
2023-03-28,-0.000566893424036176,0.202549000516201,2023-03-29,2023-04-04,0.584880845039092,0,train,-0.102076713653068,0.269959573109462,2023-03-29,2023-04-26,0.600237650631124,0,train
2023-03-29,-0.0156922865707159,0.194945368002285,2023-03-30,2023-04-06,0.584880845039092,0,train,-0.114371307021697,0.268218084530028,2023-03-30,2023-04-27,0.600237650631124,0,train
2023-03-30,-0.0289460610791939,0.156332827071006,2023-03-31,2023-04-07,0.584880845039092,0,train,-0.128431788322495,0.261593870504021,2023-03-31,2023-04-28,0.600237650631124,0,train
2023-03-31,-0.0530972961950417,0.228489750918104,2023-04-03,2023-04-10,0.584880845039092,0,train,-0.148762498574307,0.272885176895692,2023-04-03,2023-05-04,0.600237650631124,0,train
2023-04-03,-0.00886543609926462,0.269754079293724,2023-04-04,2023-04-11,0.584880845039092,0,train,-0.13423123566592,0.265038024849269,2023-04-04,2023-05-05,0.600237650631124,0,train
2023-04-04,-0.0119122257053293,0.276400923421277,2023-04-06,2023-04-12,0.582011810264044,0,train,-0.0952978056426333,0.288730308216915,2023-04-06,2023-05-08,0.600237650631124,0,train
2023-04-06,-0.0302648171500632,0.323739596966014,2023-04-07,2023-04-13,0.579003407859002,0,train,-0.0996216897856242,0.290409259161246,2023-04-07,2023-05-09,0.600237650631124,0,train
2023-04-07,-0.0339409176618481,0.323000474846025,2023-04-10,2023-04-14,0.576074818967067,0,train,-0.0898805782526713,0.294363894600435,2023-04-10,2023-05-10,0.600237650631124,0,train
2023-04-10,-0.00193050193050208,0.283843988474189,2023-04-11,2023-04-17,0.574570285819513,0,train,-0.101029601029601,0.309633812294442,2023-04-11,2023-05-11,0.600237650631124,0,train
2023-04-11,-0.018159048215404,0.221379242318753,2023-04-12,2023-04-18,0.573472895840274,0,train,-0.127113337507827,0.294184257514482,2023-04-12,2023-05-12,0.600237650631124,0,train
2023-04-12,-0.0133248730964468,0.208976686608235,2023-04-13,2023-04-19,0.573472895840274,0,train,-0.0799492385786801,0.322308469674129,2023-04-13,2023-05-15,0.600237650631124,0,train
2023-04-13,-0.00975292587776343,0.188252402462589,2023-04-14,2023-04-20,0.573472895840274,0,train,-0.0591677503250973,0.310533222726229,2023-04-14,2023-05-16,0.600237650631124,0,train
2023-04-14,-0.0494469746258946,0.349963087426598,2023-04-17,2023-04-21,0.573472895840274,0,train,-0.0273259596616784,0.33142733210801,2023-04-17,2023-05-17,0.600237650631124,0,train
2023-04-17,-0.06963249516441,0.355071741129902,2023-04-18,2023-04-24,0.573472895840274,0,train,-0.0373952288845904,0.329894996491186,2023-04-18,2023-05-18,0.600237650631124,0,train
2023-04-18,-0.0931122448979591,0.361826542864128,2023-04-19,2023-04-25,0.573472895840274,0,train,-0.0612244897959182,0.331453994611937,2023-04-19,2023-05-19,0.600237650631124,0,train
2023-04-19,-0.0784565916398712,0.36113413135533,2023-04-20,2023-04-26,0.573472895840274,0,train,-0.0790996784565914,0.344313547132139,2023-04-20,2023-05-22,0.600237650631124,0,train
2023-04-20,-0.063033486539724,0.33092865287495,2023-04-21,2023-04-27,0.573472895840274,0,train,-0.0715692711753116,0.339293531500774,2023-04-21,2023-05-23,0.600237650631124,0,train
2023-04-21,-0.0225872689938396,0.149939955346032,2023-04-24,2023-04-28,0.573472895840274,0,train,-0.0657084188911702,0.330194451573843,2023-04-24,2023-05-24,0.600237650631124,0,train
2023-04-24,-0.0318780318780317,0.197520534783096,2023-04-25,2023-05-04,0.573472895840274,0,train,-0.056133056133056,0.327342296923278,2023-04-25,2023-05-25,0.600237650631124,0,train
2023-04-25,-0.0189873417721518,0.168184836170715,2023-04-26,2023-05-05,0.573472895840274,0,train,-0.00210970464135011,0.354434468228643,2023-04-26,2023-05-26,0.600237650631124,0,train
2023-04-26,0.00697836706210748,0.288052385319892,2023-04-27,2023-05-08,0.573472895840274,0,train,0.00348918353105375,0.356517477332928,2023-04-27,2023-05-29,0.600237650631124,0,train
2023-04-27,0.00070077084793279,0.295956220167868,2023-04-28,2023-05-09,0.573472895840274,0,train,-0.0084092501751927,0.360774958881592,2023-04-28,2023-05-30,0.600237650631124,0,train
2023-04-28,0.0140056022408964,0.311953442449766,2023-05-04,2023-05-10,0.573472895840274,0,train,-0.00420168067226897,0.361191398129484,2023-05-04,2023-05-31,0.600237650631124,0,train
2023-05-04,-6.93889390390723e-18,0.371260929887597,2023-05-05,2023-05-11,0.573472895840274,0,train,0.0637079455977094,0.385758385159122,2023-05-05,2023-06-01,0.600237650631124,0,train
2023-05-05,-0.000716845878136255,0.371435262608421,2023-05-08,2023-05-12,0.573472895840274,0,train,0.0688172043010753,0.385909110712074,2023-05-08,2023-06-02,0.600237650631124,0,train
2023-05-08,0.00485100485100488,0.398080023903123,2023-05-09,2023-05-15,0.573472895840274,0,train,0.051975051975052,0.37224169878387,2023-05-09,2023-06-05,0.600237650631124,0,train
2023-05-09,0.0133053221288516,0.391383066936134,2023-05-10,2023-05-16,0.573472895840274,0,train,0.0735294117647058,0.372030015506868,2023-05-10,2023-06-06,0.600237650631124,0,train
2023-05-10,0.0324585635359116,0.443965317166045,2023-05-11,2023-05-17,0.573472895840274,0,train,0.0635359116022098,0.369094095748415,2023-05-11,2023-06-07,0.600237650631124,0,train
2023-05-11,0.0687186828919113,0.363865158772663,2023-05-12,2023-05-18,0.573472895840274,0,train,0.132426628489621,0.359379427408481,2023-05-12,2023-06-08,0.600237650631124,0,train
2023-05-12,0.0559540889526543,0.377197907773992,2023-05-15,2023-05-19,0.573472895840274,0,train,0.164992826398852,0.37114155296506,2023-05-15,2023-06-09,0.600237650631124,0,train
2023-05-15,-0.0124137931034483,0.319918008255086,2023-05-16,2023-05-22,0.573472895840274,0,train,0.0834482758620689,0.363416248787322,2023-05-16,2023-06-12,0.600237650631124,0,train
2023-05-16,-0.0228058051140291,0.331957586807491,2023-05-17,2023-05-23,0.573472895840274,0,train,0.107809260539046,0.370324963432972,2023-05-17,2023-06-13,0.600237650631124,0,train
2023-05-17,-0.0869565217391305,0.345269981447603,2023-05-18,2023-05-24,0.573472895840274,0,train,0.0762541806020065,0.351991364624052,2023-05-18,2023-06-14,0.600237650631124,0,train
2023-05-18,-0.087742799732083,0.345492436862764,2023-05-19,2023-05-25,0.573472895840274,0,train,0.0924313462826524,0.355245187227382,2023-05-19,2023-06-15,0.600237650631124,0,train
2023-05-19,-0.0360054347826087,0.440416409796739,2023-05-22,2023-05-26,0.573472895840274,0,train,0.107336956521739,0.351675346899335,2023-05-22,2023-06-16,0.600237650631124,0,train
2023-05-22,0.00418994413407819,0.40574552671625,2023-05-23,2023-05-29,0.573472895840274,0,train,0.130586592178771,0.338658935796959,2023-05-23,2023-06-19,0.600237650631124,0,train
2023-05-23,0.000707213578500674,0.411907337934905,2023-05-24,2023-05-30,0.573472895840274,0,train,0.140735502121641,0.335927740664747,2023-05-24,2023-06-20,0.600237650631124,0,train
2023-05-24,0.0417582417582417,0.328945878739179,2023-05-25,2023-05-31,0.573472895840274,0,train,0.168498168498169,0.314263933249071,2023-05-25,2023-06-21,0.600237650631124,0,train
2023-05-25,0.0910425844346549,0.453476097631688,2023-05-26,2023-06-01,0.573472895840274,0,train,0.170337738619677,0.31417475930098,2023-05-26,2023-06-26,0.600237650631124,0,train
2023-05-26,0.0507399577167019,0.348560377791311,2023-05-29,2023-06-02,0.573472895840274,0,train,0.16138125440451,0.302510111827873,2023-05-29,2023-06-27,0.600237650631124,0,train
2023-05-29,0.0556328233657858,0.358902297801431,2023-05-30,2023-06-05,0.573472895840274,0,train,0.155076495132128,0.300101937721051,2023-05-30,2023-06-28,0.600237650631124,0,train
2023-05-30,0.0833922261484098,0.34724793762405,2023-05-31,2023-06-06,0.573472895840274,0,train,0.173851590106007,0.294593776110418,2023-05-31,2023-06-29,0.600237650631124,0,train
2023-05-31,0.0829817158931082,0.346986818180022,2023-06-01,2023-06-07,0.573472895840274,0,train,0.156821378340366,0.296072912858653,2023-06-01,2023-06-30,0.600237650631124,0,train
2023-06-01,0.0646029609690444,0.243332781508167,2023-06-02,2023-06-08,0.571729259955244,0,train,0.102288021534321,0.251929574895735,2023-06-02,2023-07-03,0.600237650631124,0,train
2023-06-02,0.0892018779342723,0.305360437411135,2023-06-05,2023-06-09,0.570771286336357,0,train,0.101274312541919,0.251796136367639,2023-06-05,2023-07-04,0.600237650631124,0,train
2023-06-05,0.0349143610013175,0.364002274316109,2023-06-06,2023-06-12,0.570181154029393,0,train,0.0909090909090913,0.245461361399433,2023-06-06,2023-07-05,0.600237650631124,0,train
2023-06-06,0.045662100456621,0.38486061047956,2023-06-07,2023-06-13,0.569839491990332,0,train,0.0821917808219182,0.243052070457232,2023-06-07,2023-07-06,0.600237650631124,0,train
2023-06-07,0.0448051948051948,0.384415244053346,2023-06-08,2023-06-14,0.568652368224698,0,train,0.0551948051948056,0.253407810017668,2023-06-08,2023-07-07,0.600237650631124,0,train
2023-06-08,0.0309734513274337,0.347246504062653,2023-06-09,2023-06-15,0.568270315165127,0,train,0.00568900126422282,0.246427704617714,2023-06-09,2023-07-10,0.599757833722579,0,train
2023-06-09,0.00369458128078822,0.293251173479116,2023-06-12,2023-06-16,0.567430489173778,0,train,-0.00615763546798013,0.233819474658121,2023-06-12,2023-07-11,0.599526151152612,0,train
2023-06-12,0.0305537873965628,0.181167192548265,2023-06-13,2023-06-19,0.566110351774799,0,train,0.0502864417568431,0.216637257629973,2023-06-13,2023-07-12,0.599282042492553,0,train
2023-06-13,0.00623830318153481,0.114119731269441,2023-06-14,2023-06-20,0.564851167781467,0,train,0.0343106674984408,0.20519067651583,2023-06-14,2023-07-13,0.59904473298974,0,train
2023-06-14,-0.00870105655686741,0.136627068964854,2023-06-15,2023-06-21,0.562610520021686,0,train,0.0553138595400874,0.221557937843954,2023-06-15,2023-07-14,0.597734572406484,0,train
2023-06-15,-0.0226854690374002,0.0969101091930824,2023-06-16,2023-06-26,0.561095738685267,0,train,0.0208461066830168,0.22719455564438,2023-06-16,2023-07-17,0.596948134535639,0,train
2023-06-16,0.0110429447852763,0.255565816539749,2023-06-19,2023-06-27,0.560215890683039,0,train,0.0368098159509205,0.233262151875416,2023-06-19,2023-07-18,0.596245446390949,0,train
2023-06-19,0.0259419394688082,0.257127644109792,2023-06-20,2023-06-28,0.558457299547046,0,train,0.0302655960469427,0.236636554809428,2023-06-20,2023-07-19,0.595973607229396,0,train
2023-06-20,0.0297582145071298,0.255773022314932,2023-06-21,2023-06-29,0.558457299547046,0,train,0.0533168009919407,0.245144370645489,2023-06-21,2023-07-20,0.595633061031815,0,train
2023-06-21,0.0313479623824454,0.252576307458187,2023-06-26,2023-06-30,0.55663889556107,0,train,0.0614420062695927,0.242212059700468,2023-06-26,2023-07-21,0.595455831044732,0,train
2023-06-26,0.0276035131744042,0.254345230787866,2023-06-27,2023-07-03,0.555406747076668,0,train,0.0577164366373904,0.242647941396005,2023-06-27,2023-07-24,0.59541619169408,0,train
2023-06-27,-0.00364077669902902,0.0951317144397947,2023-06-28,2023-07-04,0.551916696281513,0,train,0.0394417475728156,0.21925566810318,2023-06-28,2023-07-25,0.595285053022337,0,train
2023-06-28,-0.00301023479831425,0.0978329547324465,2023-06-29,2023-07-05,0.550185076440114,0,train,0.0427453341360626,0.22097111048106,2023-06-29,2023-07-26,0.595100798260698,0,train
2023-06-29,-0.00120409391932579,0.0986731691310525,2023-06-30,2023-07-06,0.549287737092475,0,train,0.0216736905478628,0.23254993248865,2023-06-30,2023-07-27,0.595014009418098,0,train
2023-06-30,-0.0121580547112463,0.163172441876896,2023-07-03,2023-07-07,0.54761245176626,0,train,0.0145896656534955,0.237458733661508,2023-07-03,2023-07-28,0.594922204720243,0,train
2023-07-03,-0.0286935286935288,0.219643470516513,2023-07-04,2023-07-10,0.54761245176626,0,train,0.0274725274725276,0.238823595545503,2023-07-04,2023-07-31,0.594660299656498,0,train
2023-07-04,-0.0170523751522536,0.241507777296791,2023-07-05,2023-07-11,0.54761245176626,0,train,0.0213154689403169,0.239003073115462,2023-07-05,2023-08-01,0.59396999573565,0,train
2023-07-05,-0.00362318840579723,0.281459307042401,2023-07-06,2023-07-12,0.546782890613371,0,train,0.00362318840579736,0.239230856201547,2023-07-06,2023-08-02,0.593159512124219,0,train
2023-07-06,-0.000602772754671489,0.283254847444146,2023-07-07,2023-07-13,0.546782890613371,0,train,-0.0229053646775162,0.255052068033077,2023-07-07,2023-08-03,0.592953740899633,0,train
2023-07-07,0.0449230769230769,0.295405968855494,2023-07-10,2023-07-14,0.546782890613371,0,train,0.00237417430215252,0.244833609029457,2023-07-10,2023-08-04,0.592115158240074,0,train
2023-07-10,0.0465116279069767,0.290074377753195,2023-07-11,2023-07-17,0.546782890613371,0,train,0.0153281704045091,0.234901738820797,2023-07-11,2023-08-07,0.592115158240074,0,train
2023-07-11,0.0470879801734821,0.291470392697917,2023-07-12,2023-07-18,0.543678530273354,0,train,-0.004009240475479,0.229962599678588,2023-07-12,2023-08-08,0.592115158240074,0,train
2023-07-12,0.0109090909090909,0.262834895648162,2023-07-13,2023-07-19,0.543678530273354,0,train,-0.0162150591790476,0.218960936038228,2023-07-13,2023-08-09,0.592115158240074,0,train
2023-07-13,0.0247285886610375,0.291536460816834,2023-07-14,2023-07-20,0.543678530273354,0,train,-0.0324720402046315,0.222286647801527,2023-07-14,2023-08-10,0.592115158240074,0,train
2023-07-14,-0.00294464075382798,0.238709036579339,2023-07-17,2023-07-21,0.543678530273354,0,train,-0.0228694993947576,0.237851112596186,2023-07-17,2023-08-11,0.592115158240074,0,train
2023-07-17,0.0126126126126127,0.196046419658464,2023-07-18,2023-07-24,0.543678530273354,0,train,-0.022381106868641,0.237337649759602,2023-07-18,2023-08-14,0.592115158240074,0,train
2023-07-18,0.0136094674556214,0.199902857845801,2023-07-19,2023-07-25,0.542402068130268,0,train,-0.0169155370519099,0.242517257630525,2023-07-19,2023-08-15,0.592115158240074,0,train
2023-07-19,0.038369304556355,0.193494485053403,2023-07-20,2023-07-26,0.541010974433392,0,train,-0.00596821711605736,0.238124223850439,2023-07-20,2023-08-16,0.592115158240074,0,train
2023-07-20,-0.00117716303708058,0.20335848521595,2023-07-21,2023-07-27,0.53832854815512,0,train,0.015538307526507,0.269089155068999,2023-07-21,2023-08-17,0.592115158240074,0,train
2023-07-21,-0.0141760189013584,0.233826141396442,2023-07-24,2023-07-28,0.536345322688358,0,train,0.0231157953639971,0.269151519721971,2023-07-24,2023-08-18,0.592115158240074,0,train
2023-07-24,-0.00177935943060481,0.239428990990613,2023-07-25,2023-07-31,0.533827717713523,0,train,0.0346876509498134,0.269929745341309,2023-07-25,2023-08-21,0.592115158240074,0,train
2023-07-25,-0.0210157618213658,0.212715130974049,2023-07-26,2023-08-01,0.533827717713523,0,train,0.05573276217551,0.293312226540189,2023-07-26,2023-08-22,0.592115158240074,0,train
2023-07-26,-0.0404157043879905,0.20780753258352,2023-07-27,2023-08-02,0.533827717713523,0,train,0.0590585875774889,0.295010195214992,2023-07-27,2023-08-23,0.592115158240074,0,train
2023-07-27,-0.044784914555097,0.231570161152642,2023-07-28,2023-08-03,0.533827717713523,0,train,0.0729632053958674,0.287166087991672,2023-07-28,2023-08-24,0.592115158240074,0,train
2023-07-28,-0.0240515079442795,0.202120334110938,2023-07-31,2023-08-04,0.533827717713523,0,train,0.112487116375025,0.289457838130291,2023-07-31,2023-08-25,0.592115158240074,0,train
2023-07-31,-0.0401740231054227,0.202019114411351,2023-08-01,2023-08-07,0.533827717713523,0,train,0.0838896542416177,0.294701712954652,2023-08-01,2023-08-28,0.592115158240074,0,train
2023-08-01,-0.0414257090801573,0.203389576094832,2023-08-02,2023-08-08,0.533827717713523,0,train,0.0850900318303525,0.294558854739926,2023-08-02,2023-08-29,0.592115158240074,0,train
2023-08-02,-0.0233181995459863,0.205108013807448,2023-08-03,2023-08-09,0.533827717713523,0,train,0.11987442956622,0.303587868026234,2023-08-03,2023-08-30,0.592115158240074,0,train
2023-08-03,-0.0103878116343489,0.132937933383099,2023-08-04,2023-08-10,0.533827717713523,0,train,0.17590027700831,0.302431371518267,2023-08-04,2023-08-31,0.592115158240074,0,train
2023-08-04,0.0186078566505859,0.271630832283213,2023-08-07,2023-08-11,0.533827717713523,0,train,0.165403170227429,0.302299670196439,2023-08-07,2023-09-01,0.592115158240074,0,train
2023-08-07,0.00764419735927734,0.297900112451159,2023-08-08,2023-08-14,0.533827717713523,0,train,0.173731758165392,0.300888304765835,2023-08-08,2023-09-04,0.592115158240074,0,train
2023-08-08,0.0335195530726259,0.329669958913851,2023-08-09,2023-08-15,0.533827717713523,0,train,0.182262569832402,0.300507338377208,2023-08-09,2023-09-05,0.592115158240074,0,train
2023-08-09,0.0214384508990318,0.322675069171646,2023-08-10,2023-08-16,0.533827717713523,0,train,0.180497925311203,0.299944254921021,2023-08-10,2023-09-06,0.592115158240074,0,train
2023-08-10,0.0755773268019594,0.420694647369366,2023-08-11,2023-08-17,0.533827717713523,0,train,0.17074877536739,0.305457837804891,2023-08-11,2023-09-07,0.592115158240074,0,train
2023-08-11,0.0439783491204329,0.347072844466762,2023-08-14,2023-08-18,0.533827717713523,0,train,0.119756427604871,0.283648598024171,2023-08-14,2023-09-08,0.592115158240074,0,train
2023-08-14,0.0717241379310343,0.323366399564571,2023-08-15,2023-08-21,0.533827717713523,0,train,0.17448275862069,0.293507484011911,2023-08-15,2023-09-11,0.592115158240074,0,train
2023-08-15,0.0885135135135133,0.385786107230744,2023-08-16,2023-08-22,0.533827717713523,0,train,0.160810810810811,0.286062148578349,2023-08-16,2023-09-12,0.592115158240074,0,train
2023-08-16,0.106296547054841,0.398436435246247,2023-08-17,2023-08-23,0.533827717713523,0,train,0.165199729180772,0.286038511727878,2023-08-17,2023-09-13,0.592115158240074,0,train
2023-08-17,0.0553025374105397,0.285615525446531,2023-08-18,2023-08-24,0.533827717713523,0,train,0.123617436564736,0.248982365988596,2023-08-18,2023-09-14,0.592115158240074,0,train
2023-08-18,0.0719377835385611,0.316303433977579,2023-08-21,2023-08-25,0.533827717713523,0,train,0.139338950097213,0.25649386509614,2023-08-21,2023-09-15,0.592115158240074,0,train
2023-08-21,0.0456885456885456,0.336562580392283,2023-08-22,2023-08-28,0.533827717713523,0,train,0.121621621621622,0.257057338638562,2023-08-22,2023-09-18,0.592115158240074,0,train
2023-08-22,0.00620732464307868,0.219497502528485,2023-08-23,2023-08-29,0.533827717713523,0,train,0.0707635009310987,0.226021910345901,2023-08-23,2023-09-19,0.592115158240074,0,train
2023-08-23,0.01468788249694,0.252432731487333,2023-08-24,2023-08-30,0.533827717713523,0,train,0.069155446756426,0.224894364724869,2023-08-24,2023-09-20,0.592115158240074,0,train
2023-08-24,0.0468557336621455,0.299376400339401,2023-08-25,2023-08-31,0.533827717713523,0,train,0.0530209617755858,0.237308525365944,2023-08-25,2023-09-21,0.592115158240074,0,train
2023-08-25,0.0223700120918984,0.266926266306586,2023-08-28,2023-09-01,0.533827717713523,0,train,0.0538089480048368,0.238098003557313,2023-08-28,2023-09-22,0.592115158240074,0,train
2023-08-28,0.0393846153846154,0.235691348787676,2023-08-29,2023-09-04,0.532030063409659,0,train,0.0393846153846155,0.255397044598523,2023-08-29,2023-09-25,0.592115158240074,0,train
2023-08-29,0.0444170265268354,0.235640161507886,2023-08-30,2023-09-05,0.530979430600661,0,train,0.0376310919185689,0.255672528463793,2023-08-30,2023-09-26,0.592115158240074,0,train
2023-08-30,0.0295536791314837,0.182409284625771,2023-08-31,2023-09-06,0.526792469803252,0,train,0.0211097708082027,0.243897531919313,2023-08-31,2023-09-27,0.592115158240074,0,train
2023-08-31,-0.0147232037691402,0.158213523202811,2023-09-01,2023-09-07,0.523776949500977,0,train,0.00353356890459372,0.229899788347233,2023-09-01,2023-09-28,0.592115158240074,0,train
2023-09-01,-0.0212891780011827,0.173404311617905,2023-09-04,2023-09-08,0.522816350868635,0,train,-0.0206978119455942,0.250850560501934,2023-09-04,2023-10-09,0.592115158240074,0,train
2023-09-04,0.00828892835997643,0.266825714471054,2023-09-05,2023-09-11,0.522816350868635,0,train,-0.0301953818827708,0.253797870363512,2023-09-05,2023-10-10,0.592115158240074,0,train
2023-09-05,0.0147666863555819,0.273477332759206,2023-09-06,2023-09-12,0.522388431036022,0,train,-0.0224453632604843,0.256292983895068,2023-09-06,2023-10-11,0.592115158240074,0,train
2023-09-06,0.00820152314001176,0.267441763362454,2023-09-07,2023-09-13,0.521910221152291,0,train,-0.0193321616871703,0.257824258988304,2023-09-07,2023-10-12,0.592115158240074,0,train
2023-09-07,0.0322773460848775,0.227453067494363,2023-09-08,2023-09-14,0.520033298096988,0,train,0.00657501494321593,0.248636574520452,2023-09-08,2023-10-13,0.592115158240074,0,train
2023-09-08,0.0622356495468278,0.248575666648537,2023-09-11,2023-09-15,0.520033298096988,0,train,0.0416918429003023,0.259402088977397,2023-09-11,2023-10-16,0.592115158240074,0,train
2023-09-11,0.0234879624192601,0.155862622443954,2023-09-12,2023-09-18,0.520033298096988,0,train,0.0170287727539636,0.239290896943586,2023-09-12,2023-10-17,0.592115158240074,0,train
2023-09-12,0.00407450523864959,0.160774142699775,2023-09-13,2023-09-19,0.520033298096988,0,train,0.00232828870779983,0.238146218132678,2023-09-13,2023-10-18,0.592115158240074,0,train
2023-09-13,0.0151074956420687,0.183818860038216,2023-09-14,2023-09-20,0.520033298096988,0,train,0.012783265543289,0.241922616487052,2023-09-14,2023-10-19,0.592115158240074,0,train
2023-09-14,-0.0110017371163867,0.242628726511137,2023-09-15,2023-09-21,0.520033298096988,0,train,-0.0283729009843658,0.27671876826557,2023-09-15,2023-10-20,0.592115158240074,0,train
2023-09-15,-0.00853242320819114,0.252297618320296,2023-09-18,2023-09-22,0.520033298096988,0,train,-0.0500568828213878,0.269949802497289,2023-09-18,2023-10-23,0.592115158240074,0,train
2023-09-18,-0.0309810671256454,0.331468053795823,2023-09-19,2023-09-25,0.517700480642335,0,train,-0.00803212851405615,0.295188684771699,2023-09-19,2023-10-24,0.592115158240074,0,train
2023-09-19,-0.0249275362318841,0.324513951988008,2023-09-20,2023-09-26,0.515009756522453,0,train,0.0110144927536233,0.294480505771854,2023-09-20,2023-10-25,0.592115158240074,0,train
2023-09-20,-0.0309101316542644,0.31520851367226,2023-09-21,2023-09-27,0.513839923708697,0,train,0.00343445907269614,0.291597295937739,2023-09-21,2023-10-26,0.591776815315705,0,train
2023-09-21,-0.00234192037470723,0.275282645590223,2023-09-22,2023-09-28,0.513304273892757,0,train,0.041569086651054,0.285197691833612,2023-09-22,2023-10-27,0.591500180032503,0,train
2023-09-22,-0.0499139414802064,0.310146754406684,2023-09-25,2023-10-09,0.511043211962258,0,train,0.0327022375215148,0.279085027701802,2023-09-25,2023-10-30,0.590482343198543,0,train
2023-09-25,-0.0301953818827708,0.228677166194904,2023-09-26,2023-10-10,0.509024615302987,0,train,0.0639431616341032,0.255820383541652,2023-09-26,2023-10-31,0.590482343198543,0,train
2023-09-26,-0.0160523186682521,0.238320987003954,2023-09-27,2023-10-11,0.507532507668693,0,train,0.0933412604042806,0.268239021120954,2023-09-27,2023-11-01,0.590482343198543,0,train
2023-09-27,-0.0112226816302421,0.24743184294635,2023-09-28,2023-10-12,0.507532507668693,0,train,0.0945067926757236,0.268591690550763,2023-09-28,2023-11-02,0.590482343198543,0,train
2023-09-28,-0.0117370892018779,0.246772066800302,2023-10-09,2023-10-13,0.506246805243396,0,train,0.0850938967136151,0.267716002174913,2023-10-09,2023-11-03,0.590482343198543,0,train
2023-10-09,0.0410628019323672,0.217997283319059,2023-10-10,2023-10-16,0.506246805243396,0,train,0.117149758454106,0.247766881179175,2023-10-10,2023-11-06,0.590482343198543,0,train
2023-10-10,0.0573870573870574,0.206356631439444,2023-10-11,2023-10-17,0.506246805243396,0,train,0.127594627594628,0.244778702406378,2023-10-11,2023-11-07,0.590482343198543,0,train
2023-10-11,0.0404833836858007,0.197230732902677,2023-10-12,2023-10-18,0.50533723052051,0,train,0.129909365558912,0.245973932788924,2023-10-12,2023-11-08,0.590482343198543,0,train
2023-10-12,0.0412186379928316,0.199343703614418,2023-10-13,2023-10-19,0.504564527633857,0,train,0.121863799283154,0.243086403800135,2023-10-13,2023-11-09,0.589480753573122,0,train
2023-10-13,-0.00356294536817098,0.332787349514964,2023-10-16,2023-10-20,0.501652249421947,0,train,0.141923990498812,0.256337366156007,2023-10-16,2023-11-10,0.58906713541407,0,train
2023-10-16,-0.0313225058004641,0.29004080826621,2023-10-17,2023-10-23,0.497741429317773,0,train,0.12122969837587,0.243113365555761,2023-10-17,2023-11-13,0.58819145389621,0,train
2023-10-17,-0.00173210161662819,0.379207149331108,2023-10-18,2023-10-24,0.495310581962239,0,train,0.114896073903002,0.242585136367879,2023-10-18,2023-11-14,0.587172966708238,0,train
2023-10-18,0.0127758420441348,0.381927890099488,2023-10-19,2023-10-25,0.494585830113468,0,train,0.128339140534263,0.24271109355877,2023-10-19,2023-11-15,0.586247698801988,0,train
2023-10-19,0.00573723465289731,0.373897172798603,2023-10-20,2023-10-26,0.494585830113468,0,train,0.10728628800918,0.240052555319935,2023-10-20,2023-11-16,0.586019884048411,0,train
2023-10-20,0.0601907032181169,0.279153158312133,2023-10-23,2023-10-27,0.494585830113468,0,train,0.134684147794994,0.204312859512512,2023-10-23,2023-11-17,0.585518166670358,0,train
2023-10-23,0.0778443113772456,0.289337718740672,2023-10-24,2023-10-30,0.494585830113468,0,train,0.159281437125749,0.212028628786769,2023-10-24,2023-11-20,0.585518166670358,0,train
2023-10-24,0.039329091960671,0.15199311418548,2023-10-25,2023-10-31,0.494396358635093,0,train,0.131868131868132,0.17673162960317,2023-10-25,2023-11-21,0.585326376837651,0,train
2023-10-25,0.0544724770642201,0.215041674388939,2023-10-26,2023-11-01,0.494291863773248,0,train,0.139334862385321,0.182236342771666,2023-10-26,2023-11-22,0.585183794281468,0,train
2023-10-26,0.0570450656018254,0.218646884337141,2023-10-27,2023-11-02,0.493805087768087,0,train,0.114090131203651,0.191388584701902,2023-10-27,2023-11-23,0.584872332160615,0,train
2023-10-27,0.0393479482855536,0.192657915841383,2023-10-30,2023-11-03,0.49212969578105,0,train,0.109050028105677,0.187633610406242,2023-10-30,2023-11-24,0.583358978144597,0,train
2023-10-30,0.0277777777777777,0.173755311161294,2023-10-31,2023-11-06,0.49084286681872,0,train,0.0894444444444446,0.184228384505612,2023-10-31,2023-11-27,0.582518257264438,0,train
2023-10-31,0.0278241513633834,0.173733774506687,2023-11-01,2023-11-07,0.490321915416049,0,train,0.0584307178631053,0.213690336559004,2023-11-01,2023-11-28,0.582335986704336,0,train
2023-11-01,0.0168569874932028,0.104885201460588,2023-11-02,2023-11-08,0.490321915416049,0,train,0.039151712887439,0.198037678304128,2023-11-02,2023-11-29,0.579827417036585,0,train
2023-11-02,0.0134916351861846,0.0949764750982462,2023-11-03,2023-11-09,0.490321915416049,0,train,0.0464112250404751,0.202879486220589,2023-11-03,2023-11-30,0.578500476432565,0,train
2023-11-03,0.0400216333153056,0.192469225649236,2023-11-06,2023-11-10,0.487806264662878,0,train,0.0551649540292051,0.203913865211025,2023-11-06,2023-12-01,0.577434390438652,0,train
2023-11-06,0.0448648648648649,0.195922280368683,2023-11-07,2023-11-13,0.486619126220019,0,train,0.0356756756756758,0.213789975224249,2023-11-07,2023-12-04,0.576520134351395,0,train
2023-11-07,0.0454791553871143,0.195721231036705,2023-11-08,2023-11-14,0.486081668964494,0,train,0.0460205739036276,0.215741376638146,2023-11-08,2023-12-05,0.576014219162461,0,train
2023-11-08,0.0390374331550805,0.180338457630928,2023-11-09,2023-11-15,0.485628364160467,0,train,0.0481283422459895,0.217308980062297,2023-11-09,2023-12-06,0.570825635688408,0,train
2023-11-09,0.0276890308839192,0.18405116295016,2023-11-10,2023-11-16,0.48521330371859,0,train,0.0683522850893769,0.232123465051526,2023-11-10,2023-12-07,0.570367459822915,0,train
2023-11-10,-0.00988039521580835,0.122012364515721,2023-11-13,2023-11-17,0.484076480426392,0,train,0.0559553564938298,0.220529247055685,2023-11-13,2023-12-08,0.570367459822915,0,train
2023-11-13,0.00155199172271094,0.165927074683759,2023-11-14,2023-11-20,0.484076480426392,0,train,0.0412251278029027,0.221998946323822,2023-11-14,2023-12-11,0.570367459822915,0,train
2023-11-14,0.0134645261522528,0.182603790119767,2023-11-15,2023-11-21,0.484076480426392,0,train,0.0581291102164459,0.228322628207351,2023-11-15,2023-12-12,0.570367459822915,0,train
2023-11-15,0.02264539372105,0.20754409651214,2023-11-16,2023-11-22,0.484076480426392,0,train,0.028273537761692,0.24079966525853,2023-11-16,2023-12-13,0.570367459822915,0,train
2023-11-16,0.0119170984455959,0.236255243287963,2023-11-17,2023-11-23,0.483672470005407,0,train,0.0286478355340129,0.240675256990793,2023-11-17,2023-12-14,0.567835021759993,0,train
2023-11-17,0.0362394957983193,0.227545587879103,2023-11-20,2023-11-24,0.483288509228891,0,train,0.0349462365591396,0.237292431984111,2023-11-20,2023-12-15,0.565533687397421,0,train
2023-11-20,0.0129132231404959,0.199128472136603,2023-11-21,2023-11-27,0.482724223892873,0,train,0.010219497023016,0.231341923413892,2023-11-21,2023-12-18,0.564071600071021,0,train
2023-11-21,-0.028104241185488,0.284288358723733,2023-11-22,2023-11-28,0.478096521415798,0,train,-0.00600546150845336,0.228954693100472,2023-11-22,2023-12-19,0.56177798972928,0,train
2023-11-22,-0.0382486160040263,0.265100492887484,2023-11-23,2023-11-29,0.474017652770333,0,train,-0.00404240466256499,0.230706923705634,2023-11-23,2023-12-20,0.561035562351887,0,train
2023-11-23,-0.0071684587813622,0.256765344877519,2023-11-24,2023-11-30,0.472894843034158,0,train,0.0445908968281493,0.247243788298976,2023-11-24,2023-12-21,0.556720308855898,0,train
2023-11-24,-0.0111505321844907,0.250229980660232,2023-11-27,2023-12-01,0.468426723318528,0,train,0.0436156935838112,0.24678061848902,2023-11-27,2023-12-22,0.548210188797677,0,train
2023-11-27,-0.0229474757776645,0.277948073481555,2023-11-28,2023-12-04,0.46616640588671,0,train,0.04301623595598,0.246967945260383,2023-11-28,2023-12-25,0.544762091562685,0,train
2023-11-28,0.0157728706624605,0.183593439491796,2023-11-29,2023-12-05,0.463842150812568,0,train,0.0897753355268361,0.226860198290947,2023-11-29,2023-12-26,0.539414825054987,0,train
2023-11-29,0.0256410256410257,0.207407783450705,2023-11-30,2023-12-06,0.461937109388649,0,train,0.0868486352357317,0.226355379555558,2023-11-30,2023-12-27,0.536170849797361,0,train
2023-11-30,0.0347424401226661,0.244755795060458,2023-12-01,2023-12-07,0.461470530342968,0,train,0.0499592407127049,0.231524229425414,2023-12-01,2023-12-28,0.532428916420695,0,train
2023-12-01,0.0408006922284134,0.255447725275848,2023-12-04,2023-12-08,0.460988234630278,0,train,0.0575442425444902,0.235319884749131,2023-12-04,2023-12-29,0.529646591986162,0,train
2023-12-04,0.050463555346039,0.229554034150726,2023-12-05,2023-12-11,0.459351289847715,0,train,0.102161761734796,0.240916907996627,2023-12-05,2024-01-02,0.52850225890902,0,purged
2023-12-05,0.0575814243415927,0.246280986090449,2023-12-06,2023-12-12,0.459351289847715,0,train,0.109942340657628,0.245231870650095,2023-12-06,2024-01-03,0.520547407053842,0,purged
2023-12-06,0.0193548387096774,0.274894712921729,2023-12-07,2023-12-13,0.456193049339777,0,train,0.0924731182795692,0.239911323956357,2023-12-07,2024-01-04,0.515783984564644,0,purged
2023-12-07,-0.0105042016806724,0.223713959742198,2023-12-08,2023-12-14,0.454950796704988,0,train,0.0504201680672263,0.232044064950934,2023-12-08,2024-01-05,0.514345249568082,0,purged
2023-12-08,-0.0295796574987027,0.213506943621661,2023-12-11,2023-12-15,0.453815249998818,0,train,0.0300985988583285,0.229656038443558,2023-12-11,2024-01-08,0.513923192580532,0,purged
2023-12-11,-0.0282722513089006,0.210888614090275,2023-12-12,2023-12-18,0.452749979913649,0,train,0.0408376963350779,0.227555007606445,2023-12-12,2024-01-09,0.513840516241441,0,purged
2023-12-12,-0.0479628674574523,0.185742455919425,2023-12-13,2023-12-19,0.452298958331025,0,train,-0.00773594636410573,0.249823739679963,2023-12-13,2024-01-10,0.51364485862079,0,purged
2023-12-13,-0.00949367088607605,0.155046365405408,2023-12-14,2023-12-20,0.450310933327249,0,train,0.03006329113924,0.242683062077537,2023-12-14,2024-01-11,0.50924710747595,0,purged
2023-12-14,0.0276008492569001,0.261985087515364,2023-12-15,2023-12-21,0.447086780144873,0,train,0.00690021231422456,0.262777041312071,2023-12-15,2024-01-12,0.505752114224998,0,purged
2023-12-15,0.0449197860962565,0.264856368816769,2023-12-18,2023-12-22,0.445155347896883,0,train,-0.00213903743315554,0.267901887922835,2023-12-18,2024-01-15,0.504804922013449,0,purged
2023-12-18,0.0457974137931032,0.263720439565545,2023-12-19,2023-12-25,0.444747625387046,0,train,0.0113146551724132,0.267385793037257,2023-12-19,2024-01-16,0.503090751616757,0,purged
2023-12-19,0.0655471289274103,0.277490654273869,2023-12-20,2023-12-26,0.444156635848276,0,train,0.00325027085590411,0.270911008409379,2023-12-20,2024-01-17,0.502479534824931,0,purged
2023-12-20,0.0495207667731628,0.249644876096587,2023-12-21,2023-12-27,0.442474522218944,0,train,0.010117145899893,0.277368563480822,2023-12-21,2024-01-18,0.501108267296139,0,purged
2023-12-21,-0.00206611570247945,0.189273226221999,2023-12-22,2023-12-28,0.440806704990032,0,train,-0.0113636363636367,0.257447226081044,2023-12-22,2024-01-19,0.500485878802131,0,purged
2023-12-22,0.00204708290685761,0.201281249020629,2023-12-25,2023-12-29,0.439032810715893,0,train,-0.0255885363357218,0.256018888369102,2023-12-25,2024-01-22,0.500243086795852,0,purged
2023-12-25,0.0324574961360122,0.255824732663178,2023-12-26,2024-01-02,0.436806276579209,0,purged,-0.00515198351365307,0.259773962588888,2023-12-26,2024-01-23,0.498914694696305,0,purged
2023-12-26,0.0345704117946109,0.261532090344905,2023-12-27,2024-01-03,0.435578987367262,0,purged,-0.00457549567869872,0.260155705627028,2023-12-27,2024-01-24,0.495592050694263,0,purged
2023-12-27,0.030948756976154,0.261344084821028,2023-12-28,2024-01-04,0.435250453301598,0,purged,0.00152207001522051,0.261655372189202,2023-12-28,2024-01-25,0.494106250305726,0,purged
2023-12-28,0.0351966873706002,0.246717077413305,2023-12-29,2024-01-05,0.434235383732839,0,purged,0.024327122153209,0.252015034387133,2023-12-29,2024-01-26,0.49372715272916,0,purged
2023-12-29,0.0137895812053115,0.233921635787681,2024-01-02,2024-01-08,0.431940717876816,0,purged,0.0199182839632278,0.249585559306161,2024-01-02,2024-01-29,0.493611007431425,0,purged
2024-01-02,-0.00798403193612789,0.166301997304089,2024-01-03,2024-01-09,0.431940717876816,0,validation,-0.0224550898203592,0.245253137376404,2024-01-03,2024-01-30,0.492471890509645,0,validation
2024-01-03,-0.0545454545454546,0.264097039381801,2024-01-04,2024-01-10,0.429764389651651,0,validation,-0.0560196560196559,0.249027365427648,2024-01-04,2024-01-31,0.492047281422682,0,validation
2024-01-04,-0.0388779527559055,0.28446019795337,2024-01-05,2024-01-11,0.427983402010263,0,validation,-0.0472440944881888,0.250498485982395,2024-01-05,2024-02-01,0.491787478697349,0,validation
2024-01-05,-0.0515,0.332982337715717,2024-01-08,2024-01-12,0.427382660738392,0,validation,-0.0589999999999999,0.263928188082949,2024-01-08,2024-02-02,0.485392775347309,0,validation
2024-01-08,-0.0599496221662469,0.348860025240475,2024-01-09,2024-01-15,0.422351987260916,0,validation,-0.0498740554156172,0.262680002136841,2024-01-09,2024-02-05,0.482775774666348,0,validation
2024-01-09,-0.0558350100603622,0.351183044691073,2024-01-10,2024-01-16,0.416012731213411,0,validation,-0.0553319919517102,0.263058397378597,2024-01-10,2024-02-06,0.481788969062733,0,validation
2024-01-10,-0.0374220374220374,0.280042415019221,2024-01-11,2024-01-17,0.416012731213411,0,validation,-0.0187110187110187,0.2367768376475,2024-01-11,2024-02-07,0.480216075078413,0,validation
2024-01-11,-0.0286738351254481,0.310148965785423,2024-01-12,2024-01-18,0.416012731213411,0,validation,-0.0133128520225295,0.24188987953019,2024-01-12,2024-02-08,0.479351211544071,0,validation
2024-01-12,0.00896151818661044,0.239886200488535,2024-01-15,2024-01-19,0.414188675963869,0,validation,0.00316288877174486,0.223215512422022,2024-01-15,2024-02-19,0.474247964676929,0,validation
2024-01-15,0.0203644158628082,0.212710824123571,2024-01-16,2024-01-22,0.414077426919961,0,validation,-0.0251875669882101,0.26848441933057,2024-01-16,2024-02-20,0.468982478289156,0,validation
2024-01-16,0.0287693127330848,0.231296060339395,2024-01-17,2024-01-23,0.414077426919961,0,validation,-0.0484816196057537,0.275448887952415,2024-01-17,2024-02-21,0.467329118315028,0,validation
2024-01-17,0.0572354211663068,0.232709969663919,2024-01-18,2024-01-24,0.414077426919961,0,validation,-0.035097192224622,0.271312862863635,2024-01-18,2024-02-22,0.464307787208705,0,validation
2024-01-18,0.0405904059040592,0.168651769375544,2024-01-19,2024-01-25,0.414077426919961,0,validation,-0.05218766473379,0.258501458818202,2024-01-19,2024-02-23,0.462663966956495,0,validation
2024-01-19,0.0339602925809823,0.157335207521331,2024-01-22,2024-01-26,0.414077426919961,0,validation,-0.0856844305120165,0.273944877439212,2024-01-22,2024-02-26,0.461354212229884,0,validation
2024-01-22,0.0488445378151262,0.165841074697975,2024-01-23,2024-01-29,0.414077426919961,0,validation,-0.0572478991596636,0.287788417840151,2024-01-23,2024-02-27,0.457071360978257,0,validation
2024-01-23,0.0145002589331955,0.190033294076408,2024-01-24,2024-01-30,0.412918098525094,0,validation,-0.0792335577421023,0.285420472609449,2024-01-24,2024-02-28,0.454649427468744,0,validation
2024-01-24,-0.018896833503575,0.213854119731953,2024-01-25,2024-01-31,0.412918098525094,0,validation,-0.0888661899897854,0.281386683510419,2024-01-25,2024-02-29,0.453197931092784,0,validation
2024-01-25,-0.0192502532928064,0.21317730040262,2024-01-26,2024-02-01,0.412918098525094,0,validation,-0.117021276595745,0.291813583995195,2024-01-26,2024-03-01,0.453197931092784,0,validation
2024-01-26,-0.0490146538655887,0.292327487448178,2024-01-29,2024-02-02,0.412918098525094,0,validation,-0.10055583628095,0.301054972870208,2024-01-29,2024-03-04,0.453197931092784,0,validation
2024-01-29,-0.055583375062594,0.28557076202467,2024-01-30,2024-02-05,0.412918098525094,0,validation,-0.119178768152228,0.302284297745833,2024-01-30,2024-03-05,0.453197931092784,0,validation
2024-01-30,-0.0413476263399696,0.252703047985253,2024-01-31,2024-02-06,0.412918098525094,0,validation,-0.100051046452272,0.294601721819654,2024-01-31,2024-03-06,0.453197931092784,0,validation
2024-01-31,-0.0171785528370642,0.214340417719788,2024-02-01,2024-02-07,0.412918098525094,0,validation,-0.0733992712129098,0.288298313800886,2024-02-01,2024-03-07,0.453197931092784,0,validation
2024-02-01,-0.00464876033057873,0.252908073375093,2024-02-02,2024-02-08,0.412918098525094,0,validation,-0.0940082644628097,0.291687724123335,2024-02-02,2024-03-08,0.453197931092784,0,validation
2024-02-02,0.0111583421891603,0.177610650905097,2024-02-05,2024-02-19,0.412918098525094,0,validation,-0.116896918172157,0.334025560884348,2024-02-05,2024-03-11,0.453197931092784,0,validation
2024-02-05,-0.035524920466596,0.366108886553487,2024-02-06,2024-02-20,0.412918098525094,0,validation,-0.118239660657476,0.333947356047386,2024-02-06,2024-03-12,0.453197931092784,0,validation
2024-02-06,-0.0489882854100106,0.3873228739047,2024-02-07,2024-02-21,0.412918098525094,0,validation,-0.140042598509052,0.349430190874998,2024-02-07,2024-03-13,0.453197931092784,0,validation
2024-02-07,-0.0534957627118644,0.385504019493238,2024-02-08,2024-02-22,0.412918098525094,0,validation,-0.154661016949152,0.351441006137317,2024-02-08,2024-03-14,0.453197931092784,0,validation
2024-02-08,-0.0669434353918005,0.359779852890351,2024-02-19,2024-02-23,0.412918098525094,0,validation,-0.188894654903996,0.35177219931601,2024-02-19,2024-03-15,0.453197931092784,0,validation
2024-02-19,-0.0803993694167103,0.398030039999826,2024-02-20,2024-02-26,0.412918098525094,0,validation,-0.156069364161849,0.362001642442343,2024-02-20,2024-03-18,0.453197931092784,0,validation
2024-02-20,-0.0131940626717974,0.296983256730048,2024-02-21,2024-02-27,0.412918098525094,0,validation,-0.0907091808686088,0.341018834867068,2024-02-21,2024-03-19,0.453197931092784,0,validation
2024-02-21,-0.00447928331466946,0.27544308444766,2024-02-22,2024-02-28,0.412918098525094,0,validation,-0.077827547592385,0.335107429611611,2024-02-22,2024-03-20,0.453197931092784,0,validation
2024-02-22,-0.00167879127028527,0.276450925822118,2024-02-23,2024-02-29,0.412918098525094,0,validation,-0.0492445439283714,0.352799741875168,2024-02-23,2024-03-21,0.453197931092784,0,validation
2024-02-23,-0.0305895439377085,0.319017356401544,2024-02-26,2024-03-01,0.412918098525094,0,validation,-0.061179087875417,0.352880656586219,2024-02-26,2024-03-22,0.453197931092784,0,validation
2024-02-26,0.0171428571428571,0.295139917301213,2024-02-27,2024-03-04,0.412918098525094,0,validation,-0.0377142857142856,0.339661582297758,2024-02-27,2024-03-25,0.453197931092784,0,validation
2024-02-27,-0.0200557103064068,0.248430583745231,2024-02-28,2024-03-05,0.412918098525094,0,validation,-0.0924791086350975,0.348052815185478,2024-02-28,2024-03-26,0.453197931092784,0,validation
2024-02-28,-0.00843644544431945,0.239612115961495,2024-02-29,2024-03-06,0.412918098525094,0,validation,-0.09392575928009,0.348647950962127,2024-02-29,2024-03-27,0.453197931092784,0,validation
2024-02-29,-0.00224215246636754,0.247958449866294,2024-03-01,2024-03-07,0.412918098525094,0,validation,-0.0969730941704035,0.348442807961823,2024-03-01,2024-03-28,0.453197931092784,0,validation
2024-03-01,0.00631095811818724,0.212487185042932,2024-03-04,2024-03-08,0.412918098525094,0,validation,-0.0976798259755947,0.349111499427451,2024-03-04,2024-03-29,0.453197931092784,0,validation
2024-03-04,-0.0662921348314605,0.411352980364371,2024-03-05,2024-03-11,0.412064068592147,0,validation,-0.0830037650825649,0.365648786733574,2024-03-05,2024-04-01,0.453197931092784,0,validation
2024-03-05,-0.0545764638999431,0.40265471549796,2024-03-06,2024-03-12,0.411559249303664,0,validation,-0.0720561124769559,0.363213935358555,2024-03-06,2024-04-02,0.453197931092784,0,validation
2024-03-06,-0.0839478162223483,0.452884053201664,2024-03-07,2024-03-13,0.411182915585439,1,validation,-0.0970663461927004,0.37385339205561,2024-03-07,2024-04-03,0.453197931092784,0,validation
2024-03-07,-0.103370786516854,0.455545021798937,2024-03-08,2024-03-14,0.408597432039189,1,validation,-0.0549446354985029,0.420697087604527,2024-03-08,2024-04-08,0.453197931092784,0,validation
2024-03-08,-0.108893956670468,0.467557804776894,2024-03-11,2024-03-15,0.406250276756311,1,validation,-0.0118549233865751,0.430698312871178,2024-03-11,2024-04-09,0.447165011292365,0,validation
2024-03-11,-0.0336943441636582,0.330808099269551,2024-03-12,2024-03-18,0.406250276756311,0,validation,0.0402862844460532,0.386008196133539,2024-03-12,2024-04-10,0.444548748938678,0,validation
2024-03-12,-0.00541190619362592,0.391315414091554,2024-03-13,2024-03-19,0.403427418302533,0,validation,0.0556358553461415,0.389778928474125,2024-03-13,2024-04-11,0.436106246849321,0,validation
2024-03-13,0.0198142414860681,0.332868041412285,2024-03-14,2024-03-20,0.403427418302533,0,validation,0.110040680624423,0.382958847853358,2024-03-14,2024-04-12,0.428013586657048,0,validation
2024-03-14,0.0645363408521302,0.390436752028985,2024-03-15,2024-03-21,0.403427418302533,0,validation,0.125918771202412,0.380740677233758,2024-03-15,2024-04-15,0.422747597970636,0,validation
2024-03-15,0.0799744081893793,0.36409593910149,2024-03-18,2024-03-22,0.403427418302533,0,validation,0.123174937581979,0.382522082939648,2024-03-18,2024-04-16,0.421163968071752,0,validation
2024-03-18,0.0485678704856786,0.309397993164976,2024-03-19,2024-03-25,0.401355997066171,0,validation,0.151330597331247,0.413497258029045,2024-03-19,2024-04-17,0.418661126066106,0,validation
2024-03-19,-0.0151148730350666,0.328004147040494,2024-03-20,2024-03-26,0.399488398214887,0,validation,0.123058197445706,0.400396197620298,2024-03-20,2024-04-18,0.40995041755824,0,validation
2024-03-20,-0.0218579234972678,0.336009687489506,2024-03-21,2024-03-27,0.398579868262794,0,validation,0.123960090546015,0.400299187478146,2024-03-21,2024-04-19,0.406238706202956,0,validation
2024-03-21,-0.0517951736315479,0.253385170443038,2024-03-22,2024-03-28,0.398169126738904,0,validation,0.0839307151032502,0.385230962013663,2024-03-22,2024-04-22,0.404518829704247,0,validation
2024-03-22,-0.0682795833385437,0.301974168836474,2024-03-25,2024-03-29,0.398169126738904,0,validation,0.0689603158724004,0.391300917935088,2024-03-25,2024-04-23,0.404056914178655,0,validation
2024-03-25,-0.0307284452772955,0.400529336987241,2024-03-26,2024-04-01,0.398042535975651,1,validation,0.120720235148127,0.422446946778583,2024-03-26,2024-04-24,0.403555477997013,1,validation
2024-03-26,0.00199711366054907,0.323808828879701,2024-03-27,2024-04-02,0.397439820544842,0,validation,0.147469350865173,0.40710458458918,2024-03-27,2024-04-25,0.40063961023391,1,validation
2024-03-27,-0.0118733509234828,0.360912491168051,2024-03-28,2024-04-03,0.395219725901705,0,validation,0.16688654353562,0.405688897152797,2024-03-28,2024-04-26,0.399253546515007,1,validation
2024-03-28,0.0441952506596306,0.532708165184783,2024-03-29,2024-04-08,0.393077926169346,1,validation,0.153693931398417,0.407691590547151,2024-03-29,2024-04-29,0.396246488132105,1,validation
2024-03-29,0.102027027027027,0.547393454946124,2024-04-01,2024-04-09,0.392581181866147,1,validation,0.181081081081081,0.398671370227861,2024-04-01,2024-04-30,0.392510450447849,1,validation
2024-04-01,0.0592447916666667,0.480025461225536,2024-04-02,2024-04-10,0.392581181866147,1,validation,0.166666666666667,0.386453325563432,2024-04-02,2024-05-06,0.390456884436257,0,validation
2024-04-02,0.0755208333333333,0.492081112102362,2024-04-03,2024-04-11,0.391978359258649,1,validation,0.154296875,0.388301158889035,2024-04-03,2024-05-07,0.389664388827878,0,validation
2024-04-03,0.126168224299065,0.482357178069437,2024-04-08,2024-04-12,0.391481866695634,1,validation,0.156208277703605,0.386998463392615,2024-04-08,2024-05-08,0.386813137475132,1,validation
2024-04-08,0.0682248894504105,0.281834990751244,2024-04-09,2024-04-15,0.391481866695634,0,validation,0.0934933670246366,0.333754359668419,2024-04-09,2024-05-09,0.386813137475132,0,validation
2024-04-09,0.0128755364806865,0.248794553222973,2024-04-10,2024-04-16,0.391481866695634,0,validation,0.0711220110361738,0.31814386275217,2024-04-10,2024-05-10,0.386813137475132,0,validation
2024-04-10,0.069452980946527,0.444234868288626,2024-04-11,2024-04-17,0.391481866695634,1,validation,0.0915795943454208,0.323349320985308,2024-04-11,2024-05-13,0.38593388206744,0,validation
2024-04-11,0.0581113801452783,0.432071477016324,2024-04-12,2024-04-18,0.391481866695634,1,validation,0.0478208232445519,0.331547964174074,2024-04-12,2024-05-14,0.38593388206744,0,validation
2024-04-12,0.0326022525192648,0.406360645707258,2024-04-15,2024-04-19,0.391481866695634,1,validation,0.0171902786010669,0.324561709720435,2024-04-15,2024-05-15,0.38579606654736,0,validation
2024-04-15,0.0248373743347131,0.407674601255891,2024-04-16,2024-04-22,0.391332327302699,1,validation,0.0419869899467769,0.337767636333953,2024-04-16,2024-05-16,0.383658732179799,0,validation
2024-04-16,0.0278450363196126,0.399673505040823,2024-04-17,2024-04-23,0.3906931976087,1,validation,0.0792978208232445,0.330144831842888,2024-04-17,2024-05-17,0.382631274168076,0,validation
2024-04-17,0.020689655172414,0.354475499794482,2024-04-18,2024-04-24,0.3906931976087,0,validation,0.0281609195402299,0.274226859410561,2024-04-18,2024-05-20,0.382631274168076,0,validation
2024-04-18,0.00629290617848976,0.359520279504103,2024-04-19,2024-04-25,0.3906931976087,0,validation,0.0389016018306634,0.278859260916464,2024-04-19,2024-05-21,0.382631274168076,0,validation
2024-04-19,0.0154994259471872,0.360941376398372,2024-04-22,2024-04-26,0.3906931976087,0,validation,0.0574052812858782,0.283125048053135,2024-04-22,2024-05-22,0.382631274168076,0,validation
2024-04-22,0.00923254472013849,0.368024727750762,2024-04-23,2024-04-29,0.3906931976087,0,validation,0.0461627236006923,0.288088044384598,2024-04-23,2024-05-23,0.382631274168076,0,validation
2024-04-23,0.0294464075382803,0.338346288430287,2024-04-24,2024-04-30,0.3906931976087,0,validation,0.0694935217903415,0.278897912329766,2024-04-24,2024-05-24,0.382631274168076,0,validation
2024-04-24,0.00900900900900893,0.209672959089616,2024-04-25,2024-05-06,0.390449012050343,0,validation,0.0123873873873872,0.231556445452505,2024-04-25,2024-05-27,0.382631274168076,0,validation
2024-04-25,0.00795906765207498,0.212195067012873,2024-04-26,2024-05-07,0.388101343435771,0,validation,0.00341102899374637,0.238278052248715,2024-04-26,2024-05-28,0.382631274168076,0,validation
2024-04-26,-0.0209157716223856,0.266449139352899,2024-04-29,2024-05-08,0.386170298899233,0,validation,0.00734878462408131,0.239852555634609,2024-04-29,2024-05-29,0.382631274168076,0,validation
2024-04-29,-0.0102915951972556,0.253960917532165,2024-04-30,2024-05-09,0.385574541427614,0,validation,-0.010863350485992,0.258749000090979,2024-04-30,2024-05-30,0.382631274168076,0,validation
2024-04-30,-0.000572082379862714,0.262195000692041,2024-05-06,2024-05-10,0.385224349548725,0,validation,-0.0102974828375286,0.258741035979998,2024-05-06,2024-05-31,0.382631274168076,0,validation
2024-05-06,-0.00892857142857145,0.226404252599815,2024-05-07,2024-05-13,0.385224349548725,0,validation,-0.05859375,0.25911786300036,2024-05-07,2024-06-03,0.382631274168076,0,validation
2024-05-07,-0.0236886632825719,0.280586655244899,2024-05-08,2024-05-14,0.385224349548725,0,validation,-0.0592216582064297,0.259474273584697,2024-05-08,2024-06-04,0.382631274168076,0,validation
2024-05-08,-0.00923787528868358,0.234432118594568,2024-05-09,2024-05-15,0.385224349548725,0,validation,-0.0473441108545034,0.248823594422095,2024-05-09,2024-06-05,0.382631274168076,0,validation
2024-05-09,0.0179087232813402,0.300351421237772,2024-05-10,2024-05-16,0.385224349548725,0,validation,-0.0300404390525707,0.256386204327622,2024-05-10,2024-06-06,0.381186028660231,0,validation
2024-05-10,0.0206067544361763,0.304990327807636,2024-05-13,2024-05-17,0.384928239418142,0,validation,-0.0389238694905552,0.254297555499294,2024-05-13,2024-06-07,0.376887392626218,0,validation
2024-05-13,0.0073198198198197,0.282713576549648,2024-05-14,2024-05-20,0.3845265856599,0,validation,-0.0923423423423424,0.286613166157157,2024-05-14,2024-06-11,0.37507093580239,0,validation
2024-05-14,0.0491045638359328,0.240913886388229,2024-05-15,2024-05-21,0.38434496899572,0,validation,-0.0635470826112073,0.27246755813268,2024-05-15,2024-06-12,0.374336848684831,0,validation
2024-05-15,0.0734265734265733,0.253785208499966,2024-05-16,2024-05-22,0.383649915095136,0,validation,-0.0477855477855477,0.272191276665698,2024-05-16,2024-06-13,0.373927860859266,0,validation
2024-05-16,0.02894438138479,0.204522764405376,2024-05-17,2024-05-23,0.382302427274952,0,validation,-0.060726447219069,0.259471523379659,2024-05-17,2024-06-14,0.373705289726917,0,validation
2024-05-17,0.018508132361189,0.186795751206896,2024-05-20,2024-05-24,0.381719050076043,0,validation,-0.088053841839596,0.263617995685971,2024-05-20,2024-06-17,0.373598328757006,0,validation
2024-05-20,0.00503074343208503,0.19830518900983,2024-05-21,2024-05-27,0.380314090783314,0,validation,-0.0827277808831748,0.265357728807079,2024-05-21,2024-06-18,0.37257605681657,0,validation
2024-05-21,-0.0280837004405285,0.212862872556412,2024-05-22,2024-05-28,0.380314090783314,0,validation,-0.0925110132158588,0.260414619637364,2024-05-22,2024-06-19,0.372082936326119,0,validation
2024-05-22,-0.0325732899022801,0.199390319809672,2024-05-23,2024-05-29,0.380314090783314,0,validation,-0.104777415852334,0.255488043991476,2024-05-23,2024-06-20,0.371363668600512,0,validation
2024-05-23,-0.0457804743519028,0.266959725724651,2024-05-24,2024-05-30,0.380314090783314,0,validation,-0.104798676227247,0.255506643599031,2024-05-24,2024-06-21,0.371019025848088,0,validation
2024-05-24,-0.0473568281938326,0.266701562963089,2024-05-27,2024-05-31,0.379372605864862,0,validation,-0.123898678414097,0.265039091439955,2024-05-27,2024-06-24,0.37048826844367,0,validation
2024-05-27,-0.0617352614015572,0.313141290401783,2024-05-28,2024-06-03,0.377700218163271,0,validation,-0.10901001112347,0.263806004750643,2024-05-28,2024-06-25,0.369401812669554,0,validation
2024-05-28,-0.0549575070821529,0.295344917579526,2024-05-29,2024-06-04,0.375079254599482,0,validation,-0.0640226628895182,0.277797597759611,2024-05-29,2024-06-26,0.368587747101779,0,validation
2024-05-29,-0.074074074074074,0.297541383085805,2024-05-30,2024-06-05,0.374314167380603,0,validation,-0.0808080808080805,0.277356092746314,2024-05-30,2024-06-27,0.366605972130739,0,validation
2024-05-30,-0.0294797687861271,0.244187449553726,2024-05-31,2024-06-06,0.373996515652933,0,validation,-0.0462427745664738,0.257967012504909,2024-05-31,2024-06-28,0.365737000408796,0,validation
2024-05-31,-0.0294797687861271,0.244187449553726,2024-06-03,2024-06-07,0.373996515652933,0,validation,-0.0289017341040461,0.265777685202574,2024-06-03,2024-07-01,0.364859056343895,0,validation
2024-06-03,-0.044457617071725,0.333585140481869,2024-06-04,2024-06-11,0.372156226902299,0,validation,-0.000592768227622919,0.25063061777312,2024-06-04,2024-07-02,0.364247866495604,0,validation
2024-06-04,-0.0281774580335731,0.326152659703147,2024-06-05,2024-06-12,0.371470424857198,0,validation,0.0359712230215828,0.262350674367945,2024-06-05,2024-07-03,0.363595157682304,0,validation
2024-06-05,-0.00969696969696966,0.321959714926918,2024-06-06,2024-06-13,0.371304513067803,0,validation,0.047878787878788,0.259516445979535,2024-06-06,2024-07-04,0.363264513715747,0,validation
2024-06-06,-0.0142942227516378,0.310768915661288,2024-06-07,2024-06-14,0.369801139003772,0,validation,0.00714711137581903,0.264095840217953,2024-06-07,2024-07-05,0.362691062734218,0,validation
2024-06-07,-0.0315664085765336,0.335153552453942,2024-06-11,2024-06-17,0.368347181323696,0,validation,-0.0166765932102441,0.277429828212785,2024-06-11,2024-07-08,0.362501017689154,0,validation
2024-06-11,0.0179900744416875,0.1816519618875,2024-06-12,2024-06-18,0.366587846852806,0,validation,0.0347394540942929,0.239571463649573,2024-06-12,2024-07-09,0.362125173406522,0,validation
2024-06-12,0.0166563849475633,0.179856376587073,2024-06-13,2024-06-19,0.36539537339579,0,validation,0.00308451573103031,0.255340033816669,2024-06-13,2024-07-10,0.361393959207698,0,validation
2024-06-13,0.00917992656058758,0.170737020508505,2024-06-14,2024-06-20,0.364361338245257,0,validation,0.0134638922888617,0.261927351944052,2024-06-14,2024-07-11,0.360879068693565,0,validation
2024-06-14,-0.0193353474320242,0.183472763845598,2024-06-17,2024-06-21,0.364025690512455,0,validation,-0.000604229607250789,0.258010883262002,2024-06-17,2024-07-12,0.360457619501413,0,validation
2024-06-17,-0.0215252152521526,0.194673424062615,2024-06-18,2024-06-24,0.363899437658525,0,validation,0.0258302583025831,0.252045854635266,2024-06-18,2024-07-15,0.360301457778545,0,validation
2024-06-18,-0.0237659963436928,0.189843313307592,2024-06-19,2024-06-25,0.363489328750614,0,validation,0.00426569165143209,0.253570690277258,2024-06-19,2024-07-16,0.35976135230378,0,validation
2024-06-19,0.0024271844660195,0.287634363930178,2024-06-20,2024-06-26,0.362210920167245,0,validation,-0.0230582524271845,0.266320879335432,2024-06-20,2024-07-17,0.359431299340783,0,validation
2024-06-20,-0.00667070952092164,0.293880155637381,2024-06-21,2024-06-27,0.36130723423253,0,validation,-0.015767131594906,0.267837797685995,2024-06-21,2024-07-18,0.359113149949421,0,validation
2024-06-21,0.0166358595194087,0.276262255164983,2024-06-24,2024-06-28,0.360989565137611,0,validation,-0.00862600123228576,0.263629044855278,2024-06-24,2024-07-19,0.358630881431184,0,validation
2024-06-24,0.0559396605908234,0.269625583964578,2024-06-25,2024-07-01,0.360919712475631,0,validation,0.00377121307353876,0.255362216457681,2024-06-25,2024-07-22,0.357013035910391,0,validation
2024-06-25,0.0524344569288389,0.266356643329675,2024-06-26,2024-07-02,0.360063012459776,0,validation,-0.033083645443196,0.276308075239486,2024-06-26,2024-07-23,0.355563259753769,0,validation
2024-06-26,0.046004842615012,0.232064871148728,2024-06-27,2024-07-03,0.359588180340499,0,validation,-0.0611380145278451,0.253900714221219,2024-06-27,2024-07-24,0.354934019119118,0,validation
2024-06-27,0.0555555555555555,0.22409910497367,2024-06-28,2024-07-04,0.359521282000714,0,validation,-0.0665445665445667,0.257146743230002,2024-06-28,2024-07-25,0.354533425275573,0,validation
2024-06-28,0.0248484848484847,0.269120871800066,2024-07-01,2024-07-05,0.359521282000714,0,validation,-0.0557575757575759,0.264388475041791,2024-07-01,2024-07-26,0.353590191288456,0,validation
2024-07-01,-0.0172619047619048,0.291454348126256,2024-07-02,2024-07-08,0.359502165420651,0,validation,-0.0750435729847495,0.256703747031232,2024-07-02,2024-07-29,0.353089881882018,0,validation
2024-07-02,-0.0106761565836299,0.299322843214079,2024-07-03,2024-07-09,0.359502165420651,0,validation,-0.109137921677172,0.28336437532167,2024-07-03,2024-07-30,0.352914722596859,0,validation
2024-07-03,-0.0590277777777778,0.303081150097074,2024-07-04,2024-07-10,0.359502165420651,0,validation,-0.117237049140644,0.275106020845995,2024-07-04,2024-07-31,0.35281997055293,0,validation
2024-07-04,-0.0422209369577791,0.329676608035996,2024-07-05,2024-07-11,0.359502165420651,0,validation,-0.096545284780579,0.287723803282117,2024-07-05,2024-08-01,0.352445388689031,0,validation
2024-07-05,-0.0218805440567712,0.289602022068461,2024-07-08,2024-07-12,0.359502165420651,0,validation,-0.0617904090475141,0.282132734535829,2024-07-08,2024-08-02,0.352075341208119,0,validation
2024-07-08,0.010296789824349,0.242006439478545,2024-07-09,2024-07-15,0.359502165420651,0,validation,-0.042143600828177,0.269273784890962,2024-07-09,2024-08-05,0.35182699064302,0,validation
2024-07-09,-0.0119904076738608,0.246194781316591,2024-07-10,2024-07-16,0.359502165420651,0,validation,-0.068389210200467,0.2739742571174,2024-07-10,2024-08-06,0.351699560003503,0,validation
2024-07-10,-0.00984009840098404,0.235077493182636,2024-07-11,2024-07-17,0.359502165420651,0,validation,-0.0618607754704998,0.266811740328404,2024-07-11,2024-08-07,0.351499591327821,0,validation
2024-07-11,-0.019927536231884,0.20414632708811,2024-07-12,2024-07-18,0.359502165420651,0,validation,-0.102837769568375,0.275218652691613,2024-07-12,2024-08-08,0.350135196051152,0,validation
2024-07-12,-0.0272067714631196,0.213037284792626,2024-07-15,2024-07-19,0.359502165420651,0,validation,-0.0869771044250026,0.281213603164759,2024-07-15,2024-08-09,0.349497624661856,0,validation
2024-07-15,-0.0425659472422063,0.211255146819422,2024-07-16,2024-07-22,0.359050755199282,0,validation,-0.103797746116832,0.281936448018437,2024-07-16,2024-08-12,0.34922494807849,0,validation
2024-07-16,-0.0600728155339805,0.290228726192053,2024-07-17,2024-07-23,0.357476696108689,0,validation,-0.0923036042896124,0.27867640931333,2024-07-17,2024-08-13,0.349122758023835,0,validation
2024-07-17,-0.0366459627329192,0.238513259509208,2024-07-18,2024-07-24,0.355554179733537,0,validation,-0.0980765639589169,0.286224180087554,2024-07-18,2024-08-14,0.348763838078458,0,validation
2024-07-18,-0.0579174368453481,0.252814146391178,2024-07-19,2024-07-25,0.354624560128337,0,validation,-0.117221799379025,0.288749721114539,2024-07-19,2024-08-15,0.348494093711899,0,validation
2024-07-19,-0.0316967060285893,0.279150144910068,2024-07-22,2024-07-26,0.352189635512488,0,validation,-0.117768109937159,0.288992004779051,2024-07-22,2024-08-16,0.348439075647154,0,validation
2024-07-22,-0.0269713228643577,0.274673923245399,2024-07-23,2024-07-29,0.35124420370626,0,validation,-0.092009936932402,0.297527716264486,2024-07-23,2024-08-19,0.348149069274675,0,validation
2024-07-23,-0.0303463756925195,0.294521185114783,2024-07-24,2024-07-30,0.350268076742717,0,validation,-0.0658455592264883,0.277208092916011,2024-07-24,2024-08-20,0.34541350031069,0,validation
2024-07-24,-0.0164962094874487,0.314205513185184,2024-07-25,2024-07-31,0.349135790787006,0,validation,-0.0256878336978463,0.317072009552272,2024-07-25,2024-08-21,0.344467337459426,0,validation
2024-07-25,0.0216306099505422,0.341851673296065,2024-07-26,2024-08-01,0.348635289653602,0,validation,-0.0276527441148685,0.318296672558164,2024-07-26,2024-08-22,0.344346462111766,0,validation
2024-07-26,0.0183006535947713,0.333491379626807,2024-07-29,2024-08-02,0.347576047665865,0,validation,-0.0594771241830064,0.315451102007058,2024-07-29,2024-08-23,0.342842307784814,0,validation
2024-07-29,0.0176933158584535,0.333754201472009,2024-07-30,2024-08-05,0.347246862453002,0,validation,-0.0163826998689383,0.34906115955478,2024-07-30,2024-08-26,0.341352099817561,1,validation
2024-07-30,0.0345762711864408,0.262031032353275,2024-07-31,2024-08-06,0.347116259365734,0,validation,0.0277966101694917,0.329440216836737,2024-07-31,2024-08-27,0.340000895440085,0,validation
2024-07-31,1.70002900645727e-16,0.271806754569458,2024-08-01,2024-08-07,0.347008324751707,0,validation,0.00734312416555423,0.325244782395306,2024-08-01,2024-08-28,0.33938554420002,0,validation
2024-08-01,-0.0488917861799217,0.283774461752923,2024-08-02,2024-08-08,0.345866032192078,0,validation,-0.00912646675358531,0.31518721427807,2024-08-02,2024-08-29,0.338817584722913,0,validation
2024-08-02,-0.0481386392811297,0.286003800707453,2024-08-05,2024-08-09,0.345325595301393,0,validation,-0.0320924261874198,0.31160538565617,2024-08-05,2024-08-30,0.337990461199704,0,validation
2024-08-05,-0.0547327752736639,0.29408548878868,2024-08-06,2024-08-12,0.34448219717478,0,validation,-0.068254990341275,0.344166982316121,2024-08-06,2024-09-02,0.336523427373443,1,validation
2024-08-06,-0.0373525557011797,0.266470374575639,2024-08-07,2024-08-13,0.34448219717478,0,validation,-0.0779816513761468,0.352812386979413,2024-08-07,2024-09-03,0.335972978261878,1,validation
2024-08-07,-0.0480640854472631,0.313376026140986,2024-08-08,2024-08-14,0.34396800254436,0,validation,-0.0794392523364486,0.353901778934165,2024-08-08,2024-09-04,0.335312507374895,1,validation
2024-08-08,-0.03564084989719,0.268700765687254,2024-08-09,2024-08-15,0.343567301919914,0,validation,-0.0699108978752571,0.346030583497115,2024-08-09,2024-09-05,0.33464689488146,1,validation
2024-08-09,-0.060013486176669,0.251248955414839,2024-08-12,2024-08-16,0.343131386536009,0,validation,-0.0775455158462576,0.342351067344855,2024-08-12,2024-09-06,0.334475502093181,1,validation
2024-08-12,-0.0299727520435968,0.284195464346156,2024-08-13,2024-08-19,0.342144076268508,0,validation,-0.0667574931880109,0.340483380043998,2024-08-13,2024-09-09,0.334136556085593,1,validation
2024-08-13,-0.0326752893124575,0.284548512891046,2024-08-14,2024-08-20,0.34146655404994,0,validation,-0.081007488087134,0.344453336431945,2024-08-14,2024-09-10,0.333966907256627,1,validation
2024-08-14,0.0406732117812062,0.362394932167381,2024-08-15,2024-08-21,0.33909426156469,1,validation,-0.0266479663394108,0.342398333623386,2024-08-15,2024-09-11,0.333802654389336,1,validation
2024-08-15,0.0376687988628288,0.368321155904733,2024-08-16,2024-08-22,0.337733602855897,1,validation,0.00497512437810967,0.345411854085176,2024-08-16,2024-09-12,0.333754374877144,1,validation
2024-08-16,0.0322812051649929,0.376692021588356,2024-08-19,2024-08-23,0.337307187890568,1,validation,-0.00430416068866549,0.350090620070894,2024-08-19,2024-09-13,0.333386043964204,1,validation
2024-08-19,0.0540730337078654,0.456869312569456,2024-08-20,2024-08-26,0.336730216730143,1,validation,-0.0519662921348313,0.355753065680733,2024-08-20,2024-09-18,0.332600850788975,1,validation
2024-08-20,0.0668543279380719,0.46204853343197,2024-08-21,2024-08-27,0.336289603975116,1,validation,-0.024630541871921,0.367737639351297,2024-08-21,2024-09-19,0.332042170408195,1,validation
2024-08-21,0.0168463611859839,0.346010319862544,2024-08-22,2024-08-28,0.336289603975116,1,validation,-0.0835579514824797,0.340643864347684,2024-08-22,2024-09-20,0.331852418448832,1,validation
2024-08-22,0.0410958904109589,0.330126338946779,2024-08-23,2024-08-29,0.336289603975116,0,validation,-0.097945205479452,0.354534432254778,2024-08-23,2024-09-23,0.331617650448636,1,validation
2024-08-23,0.0479499652536483,0.318701388034698,2024-08-26,2024-08-30,0.336289603975116,0,validation,-0.0277970813064627,0.411118775168944,2024-08-26,2024-09-24,0.331477487002471,1,validation
2024-08-26,-0.0359760159893405,0.312763075550248,2024-08-27,2024-09-02,0.336289603975116,0,validation,-0.0552964690206529,0.385863789215999,2024-08-27,2024-09-25,0.331477487002471,1,validation
2024-08-27,-0.0718997361477572,0.363927407133377,2024-08-28,2024-09-03,0.336289603975116,1,validation,-0.0395778364116095,0.39554646957179,2024-08-28,2024-09-26,0.331433997733992,1,validation
2024-08-28,-0.0861497680583168,0.389522931878431,2024-08-29,2024-09-04,0.336289603975116,1,validation,-0.00596421471172973,0.409091103804276,2024-08-29,2024-09-27,0.330502671707385,1,validation
2024-08-29,-0.107236842105263,0.40262225947791,2024-08-30,2024-09-05,0.336056918576144,1,validation,0.0809210526315788,0.520736174438288,2024-08-30,2024-09-30,0.330157236775627,1,validation
2024-08-30,-0.0928381962864722,0.402769812409062,2024-09-02,2024-09-06,0.335367586212833,1,validation,0.0391246684350132,0.54647695450447,2024-09-02,2024-10-08,0.329957455329112,1,validation
2024-09-02,-0.0532135452660677,0.276402525665878,2024-09-03,2024-09-09,0.334940239582874,0,validation,0.0746371803731858,0.527160784672736,2024-09-03,2024-10-09,0.329957455329112,1,validation
2024-09-03,-0.0405117270788913,0.218386223966698,2024-09-04,2024-09-10,0.334940239582874,0,validation,0.102345415778252,0.517765020678988,2024-09-04,2024-10-10,0.329957455329112,1,validation
2024-09-04,0.00652646845540258,0.25722583987838,2024-09-05,2024-09-11,0.334940239582874,0,validation,0.144307469180566,0.516471108849051,2024-09-05,2024-10-11,0.329957455329112,1,validation
2024-09-05,0.0420044215180546,0.265497341586944,2024-09-06,2024-09-12,0.334940239582874,0,validation,0.179808400884304,0.515869990712248,2024-09-06,2024-10-14,0.329957455329112,1,validation
2024-09-06,0.0146198830409359,0.290796824939502,2024-09-09,2024-09-13,0.334940239582874,0,validation,0.157163742690059,0.516634651655617,2024-09-09,2024-10-15,0.329957455329112,1,validation
2024-09-09,-0.0145985401459853,0.351130045104584,2024-09-10,2024-09-18,0.334940239582874,1,validation,0.142335766423358,0.518201035544285,2024-09-10,2024-10-16,0.329957455329112,1,validation
2024-09-10,0.0266666666666667,0.383795958622247,2024-09-11,2024-09-19,0.334940239582874,1,validation,0.105185185185185,0.542732107369544,2024-09-11,2024-10-17,0.329957455329112,1,validation
2024-09-11,-0.0201729106628243,0.355719806391501,2024-09-12,2024-09-20,0.334940239582874,1,validation,0.0958213256484151,0.538068959485375,2024-09-12,2024-10-18,0.329957455329112,1,validation
2024-09-12,-0.0685997171145687,0.401499355832156,2024-09-13,2024-09-23,0.334364537444904,1,validation,0.0884016973125886,0.535651405442426,2024-09-13,2024-10-21,0.329957455329112,1,validation
2024-09-13,0.00792507204610951,0.572466330247887,2024-09-18,2024-09-24,0.333864735644598,1,validation,0.0979827089337177,0.532720740257911,2024-09-18,2024-10-22,0.329957455329112,1,validation
2024-09-18,0.0503703703703703,0.545941433777691,2024-09-19,2024-09-25,0.333864735644598,1,validation,0.105185185185185,0.528919900413344,2024-09-19,2024-10-23,0.329957455329112,1,validation
2024-09-19,0.0505050505050505,0.546253604131637,2024-09-20,2024-09-26,0.333864735644598,1,validation,0.0894660894660896,0.522342338573161,2024-09-20,2024-10-24,0.329957455329112,1,validation
2024-09-20,0.102941176470588,0.5700809565559,2024-09-23,2024-09-27,0.333864735644598,1,validation,0.131617647058824,0.522381712927197,2024-09-23,2024-10-25,0.329957455329112,1,validation
2024-09-23,0.247532270311313,0.831185537966117,2024-09-24,2024-09-30,0.334364537444904,1,validation,0.189825360668185,0.513782709665605,2024-09-24,2024-10-28,0.329957455329112,1,validation
2024-09-24,0.120085775553967,0.78742887473569,2024-09-25,2024-10-08,0.334940239582874,1,validation,0.111508220157255,0.46770560588369,2024-09-25,2024-10-29,0.329957455329112,1,validation
2024-09-25,0.0966149506346966,0.783486603396788,2024-09-26,2024-10-09,0.334940239582874,1,validation,0.107898448519041,0.466664825254554,2024-09-26,2024-10-30,0.329957455329112,1,validation
2024-09-26,0.0652472527472526,0.760879481820113,2024-09-27,2024-10-10,0.334940239582874,1,validation,0.0734890109890113,0.457484929680416,2024-09-27,2024-10-31,0.329957455329112,1,validation
2024-09-27,0.052,0.741131307336991,2024-09-30,2024-10-11,0.334940239582874,1,validation,0.0273333333333338,0.447946378296211,2024-09-30,2024-11-01,0.329957455329112,1,validation
2024-09-30,-0.0255629945222153,0.376732557157494,2024-10-08,2024-10-14,0.334940239582874,1,validation,-0.0517346317711499,0.31256569307616,2024-10-08,2024-11-04,0.329957455329112,0,validation
2024-10-08,0.0102105934907469,0.187938095487294,2024-10-09,2024-10-15,0.334940239582874,0,validation,0.00957243139757552,0.26903409482648,2024-10-09,2024-11-05,0.329957455329112,0,validation
2024-10-09,0.00643086816720277,0.197316085416405,2024-10-10,2024-10-16,0.334940239582874,0,validation,0.00514469453376258,0.271061358738806,2024-10-10,2024-11-06,0.329957455329112,0,validation
2024-10-10,-0.0380399742101867,0.391921723999483,2024-10-11,2024-10-17,0.334940239582874,1,validation,0.0309477756286272,0.282708725012283,2024-10-11,2024-11-07,0.329957455329112,0,validation
2024-10-11,-0.036121673003802,0.396570710270896,2024-10-14,2024-10-18,0.335367586212833,1,validation,-0.0164765525982252,0.295611519547927,2024-10-14,2024-11-08,0.329957455329112,0,validation
2024-10-14,-0.038725796377264,0.392034643532558,2024-10-15,2024-10-21,0.336056918576144,1,validation,-0.0480949406620859,0.298201700193805,2024-10-15,2024-11-11,0.329957455329112,0,validation
2024-10-15,-0.0372710044219834,0.389978061733421,2024-10-16,2024-10-22,0.335367586212833,1,validation,-0.0322173089071382,0.296072375858502,2024-10-16,2024-11-12,0.329957455329112,0,validation
2024-10-16,-0.0466453674121405,0.410107424745661,2024-10-17,2024-10-23,0.334940239582874,1,validation,-0.0255591054313097,0.293726528085416,2024-10-17,2024-11-13,0.329957455329112,0,validation
2024-10-17,0.0120643431635388,0.245830939956589,2024-10-18,2024-10-24,0.335367586212833,0,validation,0.0134048257372655,0.241760058906738,2024-10-18,2024-11-14,0.329957455329112,0,validation
2024-10-18,0.0118343195266272,0.244937494099048,2024-10-21,2024-10-25,0.335367586212833,0,validation,-0.032215647600263,0.250671136913406,2024-10-21,2024-11-15,0.329957455329112,0,validation
2024-10-21,0.0181936322287199,0.263443943048947,2024-10-22,2024-10-28,0.336056918576144,0,validation,-0.0110461338531514,0.274136492389855,2024-10-22,2024-11-18,0.329957455329112,0,validation
2024-10-22,0.0203412073490814,0.259896683249049,2024-10-23,2024-10-29,0.336289603975116,0,validation,0.0183727034120735,0.280611237526936,2024-10-23,2024-11-19,0.329957455329112,0,validation
2024-10-23,0.0529490616621985,0.223900070168921,2024-10-24,2024-10-30,0.336730216730143,0,validation,0.0382037533512064,0.270399135095939,2024-10-24,2024-11-20,0.329957455329112,0,validation
2024-10-24,0.0350993377483446,0.210230275891149,2024-10-25,2024-10-31,0.336730216730143,0,validation,0.0298013245033115,0.267379848004078,2024-10-25,2024-11-21,0.329957455329112,0,validation
2024-10-25,0.00129954515919445,0.189961870751601,2024-10-28,2024-11-01,0.336730216730143,0,validation,-0.00064977257959702,0.261638751536852,2024-10-28,2024-11-22,0.329957455329112,0,validation
2024-10-28,-0.00574345883854481,0.160524009018653,2024-10-29,2024-11-04,0.336730216730143,0,validation,-0.00255264837268654,0.260066590474977,2024-10-29,2024-11-25,0.329957455329112,0,validation
2024-10-29,0.0173633440514471,0.185923302422826,2024-10-30,2024-11-05,0.336730216730143,0,validation,0.00707395498392296,0.258720596272372,2024-10-30,2024-11-26,0.329957455329112,0,validation
2024-10-30,-0.00509229789942698,0.191426387909536,2024-10-31,2024-11-06,0.336730216730143,0,validation,0.00827498408656922,0.25934863291046,2024-10-31,2024-11-27,0.330157236775627,0,validation
2024-10-31,0.0230326295585414,0.247920622595914,2024-11-01,2024-11-07,0.336730216730143,0,validation,0.00639795265515053,0.259894575761724,2024-11-01,2024-11-28,0.330502671707385,0,validation
2024-11-01,0.00713822193380925,0.310155550261489,2024-11-04,2024-11-08,0.336730216730143,0,validation,0.0350421804023362,0.259699675545478,2024-11-04,2024-11-29,0.331433997733992,0,validation
2024-11-04,-0.0218228498074455,0.326856521525281,2024-11-05,2024-11-11,0.336730216730143,0,validation,0.0346598202824133,0.259506237343136,2024-11-05,2024-12-02,0.331433997733992,0,validation
2024-11-05,-0.031605562579014,0.310545903217175,2024-11-06,2024-11-12,0.336730216730143,0,validation,0.0284450063211125,0.255890451081731,2024-11-06,2024-12-03,0.331433997733992,0,validation
2024-11-06,-0.0243122200895715,0.300229395568112,2024-11-07,2024-11-13,0.336730216730143,0,validation,0.0390275111964171,0.252355523789346,2024-11-07,2024-12-04,0.331433997733992,0,validation
2024-11-07,-0.054409005628518,0.260187334973865,2024-11-08,2024-11-14,0.336730216730143,0,validation,0.00125078173858667,0.244363063586444,2024-11-08,2024-12-05,0.331433997733992,0,validation
2024-11-08,-0.0515463917525775,0.243038519195749,2024-11-11,2024-11-15,0.336730216730143,0,validation,0.0277061855670104,0.220626558391689,2024-11-11,2024-12-06,0.331433997733992,0,validation
2024-11-11,-0.00131233595800536,0.314002247722923,2024-11-12,2024-11-18,0.336730216730143,0,validation,0.0610236220472442,0.216481438709754,2024-11-12,2024-12-09,0.331433997733992,0,validation
2024-11-12,0.0130548302872062,0.341201037737222,2024-11-13,2024-11-19,0.336730216730143,1,validation,0.071485298265349,0.222197516344044,2024-11-13,2024-12-10,0.331433997733992,0,validation
2024-11-13,0.0157377049180328,0.339926132666487,2024-11-14,2024-11-20,0.336730216730143,1,validation,0.0743941261145576,0.221701300507808,2024-11-14,2024-12-11,0.331433997733992,0,validation
2024-11-14,0.0284391534391536,0.335572762876131,2024-11-15,2024-11-21,0.336730216730143,0,validation,0.0978188390538362,0.224409824313259,2024-11-15,2024-12-12,0.331433997733992,0,validation
2024-11-15,0.0448369565217393,0.287175287433883,2024-11-18,2024-11-22,0.336730216730143,0,validation,0.106138763767201,0.214422200831354,2024-11-18,2024-12-13,0.331433997733992,0,validation
2024-11-18,0.0269382391590014,0.198338022615542,2024-11-19,2024-11-25,0.336730216730143,0,validation,0.0771829964064642,0.180316448854783,2024-11-19,2024-12-16,0.331433997733992,0,validation
2024-11-19,0.00902061855670117,0.142551770246424,2024-11-20,2024-11-26,0.337307187890568,0,validation,0.04846313277022,0.168591500871623,2024-11-20,2024-12-17,0.331433997733992,0,validation
2024-11-20,0.0225952227243385,0.163448236298894,2024-11-21,2024-11-27,0.337733602855897,0,validation,0.0267537550972306,0.186974207159965,2024-11-21,2024-12-18,0.331433997733992,0,validation
2024-11-21,0.0115755627009648,0.168551471272124,2024-11-22,2024-11-28,0.337733602855897,0,validation,0.0227920042737042,0.186469934941602,2024-11-22,2024-12-19,0.331433997733992,0,validation
2024-11-22,0.0370611183355008,0.179002382749796,2024-11-25,2024-11-29,0.337733602855897,0,validation,0.0214782059380925,0.187477770122272,2024-11-25,2024-12-20,0.331433997733992,0,validation
2024-11-25,0.0313499680102368,0.156854647448745,2024-11-26,2024-12-02,0.337733602855897,0,validation,0.0195175951781347,0.185509488356519,2024-11-26,2024-12-23,0.331433997733992,0,validation
2024-11-26,0.0389527458492976,0.16953400384858,2024-11-27,2024-12-03,0.337733602855897,0,validation,0.0214782059380925,0.185884685886352,2024-11-27,2024-12-24,0.331433997733992,0,validation
2024-11-27,0.0252525252525252,0.14943376447769,2024-11-28,2024-12-04,0.337307187890568,0,validation,0.000842282585807741,0.184183265147315,2024-11-28,2024-12-25,0.331433997733992,0,validation
2024-11-28,0.017800381436745,0.17360040451649,2024-11-29,2024-12-05,0.336730216730143,0,validation,0.00849056187022094,0.182528948895628,2024-11-29,2024-12-26,0.331433997733992,0,validation
2024-11-29,-2.38524477946811e-17,0.145344736799601,2024-12-02,2024-12-06,0.336289603975116,0,validation,-0.0271941098307446,0.19251076268008,2024-12-02,2024-12-27,0.331433997733992,0,validation
2024-12-02,0.00310173697270482,0.157854648354168,2024-12-03,2024-12-09,0.336056918576144,0,validation,-0.0171757460235848,0.202781711376665,2024-12-03,2024-12-30,0.331433997733992,0,validation
2024-12-03,0.00892162073909918,0.178902239403451,2024-12-04,2024-12-10,0.335681994029475,0,validation,-0.0218420129984341,0.200736121472067,2024-12-04,2024-12-31,0.330502671707385,0,validation
2024-12-04,0.00889842507678575,0.178914267185784,2024-12-05,2024-12-11,0.335258355059489,0,validation,-0.0162611366458275,0.201092577520826,2024-12-05,2025-01-02,0.330157236775627,0,purged
2024-12-05,0.0367908086504684,0.174020972565447,2024-12-06,2024-12-12,0.33443564173526,0,validation,-0.025097627312052,0.211441318087672,2024-12-06,2025-01-03,0.329957455329112,0,purged
2024-12-06,0.0208377807306076,0.219706462306559,2024-12-09,2024-12-13,0.333864735644598,0,validation,-0.0374409131505,0.218994811301402,2024-12-09,2025-01-06,0.329553911750349,0,purged
2024-12-09,0.0138976626658245,0.202969567329853,2024-12-10,2024-12-16,0.333627405729404,0,validation,-0.0524320909665194,0.213645809035333,2024-12-10,2025-01-07,0.329380453984346,0,purged
2024-12-10,-0.00871188550093336,0.180619987099149,2024-12-11,2024-12-17,0.333514819840573,0,validation,-0.0696950840074675,0.207200603292309,2024-12-11,2025-01-08,0.327846855950846,0,purged
2024-12-11,-0.0293017456359102,0.242448604150593,2024-12-12,2024-12-18,0.333109598193489,0,validation,-0.0592269326683292,0.2097207449043,2024-12-12,2025-01-09,0.327226712275289,0,purged
2024-12-12,-0.0418461538461538,0.224174371281798,2024-12-13,2024-12-19,0.332896615488143,0,validation,-0.0726153846153847,0.204629322399301,2024-12-13,2025-01-10,0.326548528306089,0,purged
2024-12-13,-0.0351317440401504,0.197873146321991,2024-12-16,2024-12-20,0.332807522489294,0,validation,-0.0357590966122962,0.205168923649321,2024-12-16,2025-01-13,0.326035722819275,0,purged
2024-12-16,-0.02803738317757,0.216649406613161,2024-12-17,2024-12-23,0.332165027484359,0,validation,-0.0242990654205609,0.214244605085251,2024-12-17,2025-01-14,0.325428916127884,0,purged
2024-12-17,-0.0169491525423728,0.211757163572036,2024-12-18,2024-12-24,0.332165027484359,0,validation,-0.0175768989328313,0.212594093467644,2024-12-18,2025-01-15,0.325248570462568,0,purged
2024-12-18,-0.00321130378933836,0.150239176043181,2024-12-19,2024-12-25,0.332165027484359,0,validation,0.0237636480411046,0.207027768903265,2024-12-19,2025-01-16,0.324732477889153,0,purged
2024-12-19,-0.00256904303147067,0.15030875110674,2024-12-20,2024-12-26,0.332165027484359,0,validation,0.0321130378933847,0.209025796214779,2024-12-20,2025-01-17,0.32365241816909,0,purged
2024-12-20,-0.0123537061118335,0.199227936948338,2024-12-23,2024-12-27,0.332165027484359,0,validation,0.0409622886866059,0.204862493039677,2024-12-23,2025-01-20,0.322568682501924,0,purged
2024-12-23,-0.00576923076923092,0.226781809721319,2024-12-24,2024-12-30,0.332165027484359,0,validation,0.0314102564102563,0.199348847474758,2024-12-24,2025-01-21,0.322245141883604,0,purged
2024-12-24,-0.00510855683269498,0.227396733765578,2024-12-25,2024-12-31,0.33159043704874,0,validation,0.0223499361430395,0.19966804591971,2024-12-25,2025-01-22,0.319352330953368,0,purged
2024-12-25,0.00773195876288627,0.219976017466783,2024-12-26,2025-01-02,0.33159043704874,0,purged,0.0328608247422679,0.197156937780378,2024-12-26,2025-01-23,0.318321278684737,0,purged
2024-12-26,-0.0160978750804896,0.275135522401466,2024-12-27,2025-01-03,0.33159043704874,0,purged,0.0386349001931745,0.198375744208371,2024-12-27,2025-01-24,0.318182065203668,0,purged
2024-12-27,-0.0105332455562872,0.254398166330712,2024-12-30,2025-01-06,0.33159043704874,0,purged,0.0671494404213299,0.182994913384247,2024-12-30,2025-01-27,0.317956424047829,0,purged
2024-12-30,-0.032882011605416,0.207399438294972,2024-12-31,2025-01-07,0.33159043704874,0,purged,0.032882011605416,0.172517919902872,2024-12-31,2025-02-05,0.317277493284132,0,purged
2024-12-31,-0.040436456996149,0.206287201318362,2025-01-02,2025-01-08,0.33159043704874,0,purged,0.0494223363286266,0.186401150466866,2025-01-02,2025-02-06,0.317277493284132,0,purged
2025-01-02,-0.035166240409207,0.214915284332236,2025-01-03,2025-01-09,0.33159043704874,0,test,0.0447570332480821,0.185913832001557,2025-01-03,2025-02-07,0.317277493284132,0,test
2025-01-03,-0.0137434554973821,0.137645244220071,2025-01-06,2025-01-10,0.33159043704874,0,test,0.0818062827225133,0.171508662627864,2025-01-06,2025-02-10,0.317277493284132,0,test
2025-01-06,0.0226214238190286,0.15752196353906,2025-01-07,2025-01-13,0.33159043704874,0,test,0.0805056553559549,0.173013174722951,2025-01-07,2025-02-11,0.317277493284132,0,test
2025-01-07,0.044,0.205478761971061,2025-01-08,2025-01-14,0.33159043704874,0,test,0.104666666666667,0.187035142642274,2025-01-08,2025-02-12,0.316912775486077,0,test
2025-01-08,0.0468227424749164,0.204157326663109,2025-01-09,2025-01-15,0.331063503105168,0,test,0.0809364548494985,0.20676369278085,2025-01-09,2025-02-13,0.316912775486077,0,test
2025-01-09,0.0563286944996687,0.233006760996261,2025-01-10,2025-01-16,0.330838237670901,0,test,0.0742213386348575,0.204393688991079,2025-01-10,2025-02-14,0.316912775486077,0,test
2025-01-10,0.0663570006635701,0.239851296286033,2025-01-13,2025-01-17,0.330296779027472,0,test,0.0703384207033842,0.205092734699614,2025-01-13,2025-02-17,0.316912775486077,0,test
2025-01-13,0.0416395575797009,0.196599077636206,2025-01-14,2025-01-20,0.329872944368123,0,test,0.0644111906310996,0.199231464333164,2025-01-14,2025-02-18,0.316912775486077,0,test
2025-01-14,0.0274584929757345,0.149311131907005,2025-01-15,2025-01-21,0.329872944368123,0,test,0.0478927203065134,0.188170458210516,2025-01-15,2025-02-19,0.316912775486077,0,test
2025-01-15,0.023003194888179,0.153379973465699,2025-01-16,2025-01-22,0.329872944368123,0,test,0.0696485623003194,0.200992045765495,2025-01-16,2025-02-20,0.316912775486077,0,test
2025-01-16,0.00564617314930996,0.081321916416315,2025-01-17,2025-01-23,0.329872944368123,0,test,0.0520702634880802,0.190238056768639,2025-01-17,2025-02-21,0.316912775486077,0,test
2025-01-17,0.00373366521468587,0.072369401595424,2025-01-20,2025-01-24,0.329789040763692,0,test,0.0360920970752953,0.189760475563802,2025-01-20,2025-02-24,0.316912775486077,0,test
2025-01-20,0.0124921923797628,0.0759326013053423,2025-01-21,2025-01-27,0.329671621194387,0,test,0.0156152404747031,0.207150400462182,2025-01-21,2025-02-25,0.31594555492699,0,test
2025-01-21,-0.00435052827843372,0.10733064805951,2025-01-22,2025-02-05,0.329126898782847,0,test,0.00932256059664367,0.20643965963582,2025-01-22,2025-02-26,0.315498536692289,0,test
2025-01-22,0.0212367270455966,0.176696111624328,2025-01-23,2025-02-06,0.328239579965165,0,test,0.00562148657089303,0.207963489992728,2025-01-23,2025-02-27,0.315498536692289,0,test
2025-01-23,0.0193387398627574,0.176527129696305,2025-01-24,2025-02-07,0.328239579965165,0,test,-0.00249532127261404,0.209335592850833,2025-01-24,2025-02-28,0.315498536692289,0,test
2025-01-24,0.0247985120892746,0.189601417589166,2025-01-27,2025-02-10,0.328239579965165,0,test,-0.033477991320521,0.226761572733635,2025-01-27,2025-03-03,0.315498536692289,0,test
2025-01-27,0.00185070943861804,0.224731191082264,2025-02-05,2025-02-11,0.328239579965165,0,test,-0.036397285626157,0.226183478566002,2025-02-05,2025-03-04,0.315498536692289,0,test
2025-02-05,0.0343320848938826,0.252771387992149,2025-02-06,2025-02-12,0.328239579965165,0,test,-0.0374531835205995,0.226935820568388,2025-02-06,2025-03-05,0.315498536692289,0,test
2025-02-06,-0.0116207951070337,0.273089275614721,2025-02-07,2025-02-13,0.328239579965165,0,test,-0.0544342507645262,0.215281162857437,2025-02-07,2025-03-06,0.315498536692289,0,test
2025-02-07,-0.0079559363525093,0.273934094480993,2025-02-10,2025-02-14,0.328239579965165,0,test,-0.0526315789473686,0.215319117554813,2025-02-10,2025-03-07,0.315498536692289,0,test
2025-02-10,-0.0241984271022385,0.26369953950865,2025-02-11,2025-02-17,0.328239579965165,0,test,-0.0695704779189354,0.2126206154736,2025-02-11,2025-03-10,0.315498536692289,0,test
2025-02-11,0.00738916256157624,0.252688820503977,2025-02-12,2025-02-18,0.328239579965165,0,test,-0.0461822660098523,0.204695410711321,2025-02-12,2025-03-11,0.315498536692289,0,test
2025-02-12,-0.0096560048280026,0.209583941801178,2025-02-13,2025-02-19,0.328239579965165,0,test,-0.0712130356065179,0.193209386936394,2025-02-13,2025-03-12,0.315498536692289,0,test
2025-02-13,0.0358910891089106,0.179628854209803,2025-02-14,2025-02-20,0.328239579965165,0,test,-0.0346534653465348,0.178142424912418,2025-02-14,2025-03-13,0.315498536692289,0,test
2025-02-14,0.0345465761875384,0.178737526123845,2025-02-17,2025-02-21,0.327143427904084,0,test,-0.0203578038247997,0.188684836400116,2025-02-17,2025-03-14,0.315498536692289,0,test
2025-02-17,0.0322380657160569,0.182517608379647,2025-02-18,2025-02-24,0.326328625158681,0,test,-0.0347179169249846,0.200476120524747,2025-02-18,2025-03-17,0.315498536692289,0,test
2025-02-18,-0.00611246943765293,0.226988205536389,2025-02-19,2025-02-25,0.324923628916793,0,test,-0.0501222493887532,0.194195079684647,2025-02-19,2025-03-18,0.315498536692289,0,test
2025-02-19,-0.0103595368677636,0.226120899124654,2025-02-20,2025-02-26,0.323985109656778,0,test,-0.0737355271176113,0.209190283204588,2025-02-20,2025-03-19,0.315498536692289,0,test
2025-02-20,-0.0382317801672639,0.18689424575456,2025-02-21,2025-02-27,0.323756904944435,0,test,-0.0896057347670252,0.197111087499401,2025-02-21,2025-03-20,0.315410419396535,0,test
2025-02-21,-0.0465116279069767,0.192708958935566,2025-02-24,2025-02-28,0.323459698914932,0,test,-0.0966010733452596,0.198127285221511,2025-02-24,2025-03-21,0.315239625340142,0,test
2025-02-24,-0.0636636636636636,0.258620226233382,2025-02-25,2025-03-03,0.323091956025661,0,test,-0.0636636636636638,0.221205631525105,2025-02-25,2025-03-24,0.3150934434573,0,test
2025-02-25,-0.039360393603936,0.196866630486973,2025-02-26,2025-03-04,0.322756420590241,0,test,-0.0455104551045512,0.205203666866187,2025-02-26,2025-03-25,0.315078814142404,0,test
2025-02-26,-0.0504926108374384,0.216910125072232,2025-02-27,2025-03-05,0.3221385534881,0,test,-0.0394088669950741,0.205967295362993,2025-02-27,2025-03-26,0.314458620127766,0,test
2025-02-27,-0.0397515527950311,0.208830504257246,2025-02-28,2025-03-06,0.3221385534881,0,test,-0.0198757763975158,0.207692961790928,2025-02-28,2025-03-27,0.314197052788003,0,test
2025-02-28,-0.0318949343339587,0.203286879360943,2025-03-03,2025-03-07,0.3221385534881,0,test,-0.0175109443402129,0.20686516996354,2025-03-03,2025-03-28,0.313175507068595,0,test
2025-03-03,-0.013470173187941,0.105335457348343,2025-03-04,2025-03-10,0.3221385534881,0,test,-0.0083386786401542,0.194804492843201,2025-03-04,2025-03-31,0.312634875554903,0,test
2025-03-04,-0.00832266325224059,0.116056404413932,2025-03-05,2025-03-11,0.3221385534881,0,test,0.0140845070422534,0.212912160884915,2025-03-05,2025-04-01,0.311845462511168,0,test
2025-03-05,-0.00194552529182873,0.0849316004831869,2025-03-06,2025-03-12,0.3221385534881,0,test,0.027237354085603,0.207940180863256,2025-03-06,2025-04-02,0.310801263458715,0,test
2025-03-06,0.00905562742561451,0.127014685550445,2025-03-07,2025-03-13,0.3221385534881,0,test,0.0190968601677865,0.208607991826571,2025-03-07,2025-04-03,0.310366174150982,0,test
2025-03-07,0.0258397932816537,0.178881157560381,2025-03-10,2025-03-14,0.3221385534881,0,test,-0.0143890487672087,0.237683832503439,2025-03-10,2025-04-07,0.309802982043973,0,test
2025-03-10,0.0123537061118335,0.222418619369413,2025-03-11,2025-03-17,0.3221385534881,0,test,-0.045181380501107,0.272710886341084,2025-03-11,2025-04-08,0.309186916916875,0,test
2025-03-11,0.0032278889606196,0.217020071047567,2025-03-12,2025-03-18,0.3221385534881,0,test,-0.0574339686193058,0.272311393860937,2025-03-12,2025-04-09,0.308742475581885,0,test
2025-03-12,-0.0123456790123458,0.263909564450464,2025-03-13,2025-03-19,0.3221385534881,0,test,-0.0265250640536683,0.286365368448487,2025-03-13,2025-04-10,0.306254374231712,0,test
2025-03-13,-0.0230769230769233,0.246452336793153,2025-03-14,2025-03-20,0.3221385534881,0,test,-0.0382711602778494,0.282340028567947,2025-03-14,2025-04-11,0.304055360470898,0,test
2025-03-14,-0.0459697732997483,0.21577052137051,2025-03-17,2025-03-21,0.3221385534881,0,test,-0.0578974415136939,0.275371073599116,2025-03-17,2025-04-14,0.302779550877463,0,test
2025-03-17,0.0012845215157352,0.261300025716984,2025-03-18,2025-03-24,0.3221385534881,0,test,-0.0296131614050691,0.268623550322645,2025-03-18,2025-04-15,0.302451056595668,0,test
2025-03-18,-0.00128700128700145,0.262889537903358,2025-03-19,2025-03-25,0.3221385534881,0,test,-0.0345579215144435,0.269695654607992,2025-03-19,2025-04-16,0.302332595526896,0,test
2025-03-19,0.0263157894736841,0.213959037454989,2025-03-20,2025-03-26,0.3221385534881,0,test,-0.0143566273543392,0.25805956677133,2025-03-20,2025-04-17,0.302332595526896,0,test
2025-03-20,0.0354330708661416,0.228174935839437,2025-03-21,2025-03-27,0.3221385534881,0,test,-0.0280673109841203,0.261035332868129,2025-03-21,2025-04-18,0.302332595526896,0,test
2025-03-21,0.0369636963696369,0.226477046150867,2025-03-24,2025-03-28,0.3221385534881,0,test,0.000785456472068536,0.273049361511796,2025-03-24,2025-04-21,0.302332595526896,0,test
2025-03-24,-0.00833867864015394,0.151498704518918,2025-03-25,2025-03-31,0.3221385534881,0,test,-0.033576535855031,0.254421280721623,2025-03-25,2025-04-22,0.302332595526896,0,test
2025-03-25,0.020618556701031,0.227263379427292,2025-03-26,2025-04-01,0.3221385534881,0,test,-0.00668896321070232,0.266658199851475,2025-03-26,2025-04-23,0.302332595526896,0,test
2025-03-26,0.0153846153846155,0.224313108382098,2025-03-27,2025-04-02,0.3221385534881,0,test,-0.0212914844352971,0.268237570637672,2025-03-27,2025-04-24,0.302332595526896,0,test
2025-03-27,-0.0015692358558946,0.212447384107321,2025-03-28,2025-04-03,0.3221385534881,0,test,-0.0478985719190711,0.271210209732409,2025-03-28,2025-04-25,0.302332595526896,0,test
2025-03-28,-0.0288187444249769,0.310043832511186,2025-03-31,2025-04-07,0.3221385534881,0,test,-0.0416329415471473,0.270854589333362,2025-03-31,2025-04-28,0.302332595526896,0,test
2025-03-31,-0.0501222271738048,0.395961244268875,2025-04-01,2025-04-08,0.3221385534881,1,test,-0.0281914272239936,0.264907850608919,2025-04-01,2025-04-29,0.302332595526896,0,test
2025-04-01,-0.0782608695652174,0.358826862011052,2025-04-02,2025-04-09,0.3221385534881,1,test,-0.0588628762541806,0.252013813289979,2025-04-02,2025-04-30,0.302332595526896,0,test
2025-04-02,-0.0541806020066889,0.402836689587001,2025-04-03,2025-04-10,0.3221385534881,1,test,-0.0575250836120402,0.252064247773387,2025-04-03,2025-05-06,0.302332595526896,0,test
2025-04-03,-0.0477471418964358,0.401157226354974,2025-04-07,2025-04-11,0.3221385534881,1,test,-0.0477471418964359,0.251958516745156,2025-04-07,2025-05-07,0.302332595526896,0,test
2025-04-07,-0.0194444444444445,0.330667452732455,2025-04-08,2025-04-14,0.3221385534881,1,test,-0.0368055555555556,0.236391564056688,2025-04-08,2025-05-08,0.302332595526896,0,test
2025-04-08,0.0288600288600287,0.201542996103082,2025-04-09,2025-04-15,0.322756420590241,0,test,0.0043290043290042,0.194003284313807,2025-04-09,2025-05-09,0.302332595526896,0,test
2025-04-09,0.027576197387518,0.203535536919921,2025-04-10,2025-04-16,0.323091956025661,0,test,0.0428156748911465,0.223538679933578,2025-04-10,2025-05-12,0.302332595526896,0,test
2025-04-10,-1.80411241501588e-16,0.0894802840334573,2025-04-11,2025-04-17,0.323459698914932,0,test,0.0106082036775105,0.204895267328894,2025-04-11,2025-05-13,0.302332595526896,0,test
2025-04-11,-0.0127118644067797,0.120137285661483,2025-04-14,2025-04-18,0.323756904944435,0,test,0.0409604519774011,0.232528111642564,2025-04-14,2025-05-14,0.302332595526896,0,test
2025-04-14,0.013456090651558,0.203626669373099,2025-04-15,2025-04-21,0.323985109656778,0,test,0.0432011331444759,0.232323686600522,2025-04-15,2025-05-15,0.302332595526896,0,test
2025-04-15,-0.00280504908835906,0.196377210042433,2025-04-16,2025-04-22,0.323985109656778,0,test,0.0210378681626928,0.233335899308532,2025-04-16,2025-05-16,0.302332595526896,0,test
2025-04-16,0.027542372881356,0.250188542650184,2025-04-17,2025-04-23,0.323985109656778,0,test,0.0204802259887006,0.233551458503855,2025-04-17,2025-05-19,0.302332595526896,0,test
2025-04-17,0.0190947666195192,0.259239439334061,2025-04-18,2025-04-24,0.323985109656778,0,test,0.0254596888260255,0.233819271383142,2025-04-18,2025-05-20,0.302332595526896,0,test
2025-04-18,0.0143061516452074,0.271525197312183,2025-04-21,2025-04-25,0.323756904944435,0,test,0.0422031473533619,0.230937128156576,2025-04-21,2025-05-21,0.302332595526896,0,test
2025-04-21,-0.00698812019566721,0.215677702595794,2025-04-22,2025-04-28,0.323459698914932,0,test,0.016072676450035,0.215701048408039,2025-04-22,2025-05-22,0.302332595526896,0,test
2025-04-22,-0.00281293952180016,0.211508350643034,2025-04-23,2025-04-29,0.323091956025661,0,test,0.00984528832630105,0.219044723957025,2025-04-23,2025-05-23,0.302332595526896,0,test
2025-04-23,-0.0329896907216494,0.145829043034724,2025-04-24,2025-04-30,0.323091956025661,0,test,-0.0288659793814433,0.211267365248567,2025-04-24,2025-05-26,0.302332595526896,0,test
2025-04-24,-0.022206800832755,0.129059418129379,2025-04-25,2025-05-06,0.323091956025661,0,test,-0.0305343511450381,0.212344271841567,2025-04-25,2025-05-27,0.302332595526896,0,test
2025-04-25,-0.00141043723554297,0.0696157755349396,2025-04-28,2025-05-07,0.323091956025661,0,test,-0.0148095909732016,0.20451930170095,2025-04-28,2025-05-28,0.302332595526896,0,test
2025-04-28,-0.0239268121041521,0.16187102907907,2025-04-29,2025-05-08,0.323091956025661,0,test,-0.0049261083743842,0.208842659609085,2025-04-29,2025-05-29,0.302332595526896,0,test
2025-04-29,-0.0183356840620593,0.16318617283392,2025-04-30,2025-05-09,0.323091956025661,0,test,-0.00987306064880109,0.210222867813753,2025-04-30,2025-05-30,0.302332595526896,0,test
2025-04-30,0.021321961620469,0.273113592211481,2025-05-06,2025-05-12,0.323091956025661,0,test,-0.0113717128642502,0.210997228813336,2025-05-06,2025-06-03,0.302332595526896,0,test
2025-05-06,0.0141944641589779,0.275790030186509,2025-05-07,2025-05-13,0.323091956025661,0,test,1.11022302462516e-16,0.215817798570496,2025-05-07,2025-06-04,0.302332595526896,0,test
2025-05-07,0.0409604519774011,0.351101174067201,2025-05-08,2025-05-14,0.323091956025661,1,test,-0.0098870056497174,0.215824957468211,2025-05-08,2025-06-05,0.302332595526896,0,test
2025-05-08,0.0620043258832011,0.318926730598944,2025-05-09,2025-05-15,0.323091956025661,0,test,0.0201874549387167,0.205568810711726,2025-05-09,2025-06-06,0.302332595526896,0,test
2025-05-09,0.0459770114942529,0.328409880491615,2025-05-12,2025-05-16,0.323091956025661,1,test,0.0100574712643679,0.206417967346403,2025-05-12,2025-06-09,0.302332595526896,0,test
2025-05-12,0.00556715379262352,0.244404754783137,2025-05-13,2025-05-19,0.323091956025661,0,test,-0.0278357689631175,0.174279935338965,2025-05-13,2025-06-10,0.302332595526896,0,test
2025-05-13,0.0146955913226033,0.242413377551994,2025-05-14,2025-05-20,0.323091956025661,0,test,-0.0104968509447164,0.178393347784425,2025-05-14,2025-06-11,0.302332595526896,0,test
2025-05-14,-0.0115332428765265,0.107161118110573,2025-05-15,2025-05-21,0.323459698914932,0,test,-0.044776119402985,0.141207639096254,2025-05-15,2025-06-12,0.302332595526896,0,test
2025-05-15,-0.0128988458927359,0.108048175341649,2025-05-16,2025-05-22,0.323459698914932,0,test,-0.0454854039375423,0.14127722098585,2025-05-16,2025-06-13,0.302332595526896,0,test
2025-05-16,-0.0137362637362637,0.112711159044713,2025-05-19,2025-05-23,0.323477006893354,0,test,-0.0322802197802196,0.135346389419151,2025-05-19,2025-06-16,0.302332595526896,0,test
2025-05-19,-0.0221453287197231,0.151475312419543,2025-05-20,2025-05-26,0.323477006893354,0,test,-0.0325259515570933,0.135528563757878,2025-05-20,2025-06-17,0.302332595526896,0,test
2025-05-20,-0.036551724137931,0.169940105217593,2025-05-21,2025-05-27,0.323477006893354,0,test,-0.0406896551724137,0.136143830869425,2025-05-21,2025-06-18,0.302332595526896,0,test
2025-05-21,-0.0411805078929306,0.166465261251622,2025-05-22,2025-05-28,0.323477006893354,0,test,-0.0418668496911461,0.135665474911363,2025-05-22,2025-06-19,0.302332595526896,0,test
2025-05-22,-0.0275103163686381,0.18673544963417,2025-05-23,2025-05-29,0.323477006893354,0,test,-0.0330123796423657,0.13781704290665,2025-05-23,2025-06-20,0.302332595526896,0,test
2025-05-23,-0.022284122562674,0.172011728162511,2025-05-26,2025-05-30,0.323477006893354,0,test,-0.0167130919220053,0.131403272205048,2025-05-26,2025-06-23,0.302332595526896,0,test
2025-05-26,-0.0155697098372257,0.144256138807911,2025-05-27,2025-06-03,0.322847901769878,0,test,-0.0049539985845716,0.119207453917525,2025-05-27,2025-06-24,0.302332595526896,0,test
2025-05-27,0.00858983536148899,0.150350467213952,2025-05-28,2025-06-04,0.3221385534881,0,test,0.00572655690765949,0.112172805303986,2025-05-28,2025-06-25,0.302332595526896,0,test
2025-05-28,0.00357909806728713,0.154452019070567,2025-05-29,2025-06-05,0.320428434923044,0,test,0.010021474588404,0.11318809617084,2025-05-29,2025-06-26,0.302332595526896,0,test
2025-05-29,0.000707213578500643,0.144136559950858,2025-05-30,2025-06-06,0.31924251936493,0,test,0.0134370579915137,0.118254698295136,2025-05-30,2025-06-27,0.302332595526896,0,test
2025-05-30,0.0014245014245014,0.142438124708625,2025-06-03,2025-06-09,0.318949387049594,0,test,0.0192307692307695,0.115646337482282,2025-06-03,2025-06-30,0.302332595526896,0,test
2025-06-03,0.00431344356578003,0.134185302585808,2025-06-04,2025-06-10,0.318949387049594,0,test,0.018691588785047,0.116196584183269,2025-06-04,2025-07-01,0.302332595526896,0,test
2025-06-04,0.00354861603974449,0.130566451150186,2025-06-05,2025-06-11,0.318949387049594,0,test,0.0255500354861606,0.127448185327292,2025-06-05,2025-07-02,0.302332595526896,0,test
2025-06-05,0.00427960057061337,0.129262425798442,2025-06-06,2025-06-12,0.318949387049594,0,test,0.0456490727532099,0.136211262957748,2025-06-06,2025-07-03,0.302332595526896,0,test
2025-06-06,-0.00636042402826854,0.111879973269283,2025-06-09,2025-06-13,0.318949387049594,0,test,0.0353356890459367,0.13223465612854,2025-06-09,2025-07-04,0.302332595526896,0,test
2025-06-09,0.00213371266002847,0.103412383910417,2025-06-10,2025-06-16,0.318949387049594,0,test,0.039829302987198,0.130483545280561,2025-06-10,2025-07-07,0.302332595526896,0,test
2025-06-10,0.000715819613457416,0.108220455971514,2025-06-11,2025-06-17,0.318949387049594,0,test,0.0493915533285616,0.128842588498596,2025-06-11,2025-07-08,0.302332595526896,0,test
2025-06-11,-0.0162659123055163,0.0748870497244728,2025-06-12,2025-06-18,0.31875772367576,0,test,0.041725601131542,0.122649631989592,2025-06-12,2025-07-09,0.302288140858485,0,test
2025-06-12,-0.00852272727272727,0.0731136116592481,2025-06-13,2025-06-19,0.316902922491859,0,test,0.0845170454545457,0.176488598376648,2025-06-13,2025-07-10,0.302288140858485,0,test
2025-06-13,1.4137996329211e-16,0.0883829439363451,2025-06-16,2025-06-20,0.31548224374859,0,test,0.0867709815078239,0.176431761507143,2025-06-16,2025-07-11,0.301362304089115,0,test
2025-06-16,0.00212916962384688,0.0921764863876714,2025-06-17,2025-06-23,0.314456263306953,0,test,0.0880056777856639,0.176650502959602,2025-06-17,2025-07-14,0.300929971791929,0,test
2025-06-17,0.00572246065808315,0.0794636531597997,2025-06-18,2025-06-24,0.314053064088488,0,test,0.0972818311874109,0.174461365012822,2025-06-18,2025-07-15,0.300602579974365,0,test
2025-06-18,0.0100647016534869,0.0712040843296263,2025-06-19,2025-06-25,0.313532581536471,0,test,0.111430625449317,0.175739402975351,2025-06-19,2025-07-16,0.300203287885091,0,test
2025-06-19,0.0107449856733526,0.0730505258775408,2025-06-20,2025-06-26,0.313199974336584,0,test,0.125358166189112,0.184294433115621,2025-06-20,2025-07-17,0.299983675621028,0,test
2025-06-20,0.0192034139402563,0.121789464090438,2025-06-23,2025-06-27,0.312857629263132,0,test,0.116642958748222,0.18255848756815,2025-06-23,2025-07-18,0.298637338875609,0,test
2025-06-23,0.0134560906515582,0.118393649884367,2025-06-24,2025-06-30,0.311267455633528,0,test,0.145892351274788,0.211012741436844,2025-06-24,2025-07-21,0.297696212246816,0,test
2025-06-24,0.00782361308677108,0.134069944466348,2025-06-25,2025-07-01,0.310601656328203,0,test,0.170697012802276,0.219104967655263,2025-06-25,2025-07-22,0.296436613710111,0,test
2025-06-25,0.0284697508896798,0.192993444876424,2025-06-26,2025-07-02,0.31025313850041,0,test,0.155871886120997,0.224236408259666,2025-06-26,2025-07-23,0.29607251010854,0,test
2025-06-26,0.038979447200567,0.216386871972486,2025-06-27,2025-07-03,0.310150611904439,0,test,0.149539333805812,0.2237683922906,2025-06-27,2025-07-24,0.295726733625571,0,test
2025-06-27,0.0223307745987438,0.186501126979721,2025-06-30,2025-07-04,0.310147307251369,0,test,0.120027913468248,0.2201250086117,2025-06-30,2025-07-25,0.295294393465756,0,test
2025-06-30,0.0216631726065688,0.186805086210689,2025-07-01,2025-07-07,0.310069562985061,0,test,0.0985324947589099,0.232096191607372,2025-07-01,2025-07-28,0.295054817604169,0,test
2025-07-01,0.0345800988002823,0.174358140534595,2025-07-02,2025-07-08,0.309559453001528,0,test,0.126323218066337,0.235676492678411,2025-07-02,2025-07-29,0.294778833519737,0,test
2025-07-02,0.0193771626297579,0.110666920539987,2025-07-03,2025-07-09,0.306369826349595,0,test,0.0920415224913496,0.228779492328705,2025-07-03,2025-07-30,0.294626719603403,0,test
2025-07-03,0.0416098226466576,0.259012825020177,2025-07-04,2025-07-10,0.30508285520851,0,test,0.062755798090041,0.227523690626014,2025-07-04,2025-07-31,0.294595762537727,0,test
2025-07-04,0.0430034129692833,0.259009222166037,2025-07-07,2025-07-11,0.303558444524714,0,test,0.0689419795221845,0.228236012511669,2025-07-07,2025-08-01,0.294567585082549,0,test
2025-07-07,0.0485636114911081,0.259638016425983,2025-07-08,2025-07-14,0.302250914151624,0,test,0.0813953488372095,0.230616102034709,2025-07-08,2025-08-04,0.294500093013872,0,test
2025-07-08,0.0463847203274215,0.258953834061511,2025-07-09,2025-07-15,0.300757108137448,0,test,0.0893587994542975,0.233167863498133,2025-07-09,2025-08-05,0.293915022507026,0,test
2025-07-09,0.0495587236931433,0.262628430182715,2025-07-10,2025-07-16,0.300757108137448,0,test,0.0787508486082825,0.233236186125438,2025-07-10,2025-08-06,0.293562245030287,0,test
2025-07-10,0.0288146692861821,0.128881538987075,2025-07-11,2025-07-17,0.300259901985527,0,test,0.0386378519973807,0.195220356738556,2025-07-11,2025-08-07,0.29336104090812,0,test
2025-07-11,0.0274869109947645,0.128877012835816,2025-07-14,2025-07-18,0.299589649146579,0,test,0.0366179497666121,0.195260389997758,2025-07-14,2025-08-08,0.292188244631443,0,test
2025-07-14,0.0554468362687542,0.248556657633677,2025-07-15,2025-07-21,0.299336232495409,0,test,0.0539417514487602,0.207249009409883,2025-07-15,2025-08-11,0.2917191890913,0,test
2025-07-15,0.0730117340286832,0.27675864584473,2025-07-16,2025-07-22,0.298255795141889,0,test,0.069273779693843,0.214050637540837,2025-07-16,2025-08-12,0.291619902984138,0,test
2025-07-16,0.0504527813712807,0.287507456858899,2025-07-17,2025-07-23,0.297631065427144,0,test,0.0530267409512626,0.213927390382058,2025-07-17,2025-08-13,0.289992702582153,0,test
2025-07-17,0.0324633991088478,0.264135950931774,2025-07-18,2025-07-24,0.297631065427144,0,test,0.010199800368115,0.225171770708038,2025-07-18,2025-08-14,0.289108463116861,0,test
2025-07-18,0.0222929936305733,0.274485601982981,2025-07-21,2025-07-25,0.297631065427144,0,test,0.0121475535891246,0.225206946872696,2025-07-21,2025-08-15,0.288810292030667,0,test
2025-07-21,-0.0284301606922126,0.226685060762186,2025-07-22,2025-07-28,0.297631065427144,0,test,-0.022941552466961,0.199066397943093,2025-07-22,2025-08-18,0.2884111656293,0,test
2025-07-22,-0.0303766707168894,0.219363714887268,2025-07-23,2025-07-29,0.297631065427144,0,test,-0.0408063211714217,0.18957718141274,2025-07-23,2025-08-19,0.28814061173867,0,test
2025-07-23,-0.0283251231527093,0.213257654139791,2025-07-24,2025-07-30,0.297631065427144,0,test,-0.0303342057644054,0.183693101164215,2025-07-24,2025-08-20,0.287863324476263,0,test
2025-07-24,-0.0394574599260172,0.231521541099497,2025-07-25,2025-07-31,0.297631065427144,0,test,-0.0247198184421912,0.184347083039499,2025-07-25,2025-08-21,0.287739956921625,0,test
2025-07-25,-0.0242990654205607,0.222102008834698,2025-07-28,2025-08-01,0.297631065427144,0,test,-0.017579425174316,0.180879777735504,2025-07-28,2025-08-22,0.287305516814283,0,test
2025-07-28,0.00572519083969484,0.179322942398159,2025-07-29,2025-08-04,0.297631065427144,0,test,0.0251890327339154,0.182450170218396,2025-07-29,2025-08-25,0.286751396615786,0,test
2025-07-29,0.000626566416040159,0.160300139235836,2025-07-30,2025-08-05,0.297631065427144,0,test,-0.00369953288644444,0.180744386340557,2025-07-30,2025-08-26,0.286427317875655,0,test
2025-07-30,0.00697084917617244,0.143120288339719,2025-07-31,2025-08-06,0.297631065427144,0,test,0.00636740985843943,0.176262594184831,2025-07-31,2025-08-27,0.286427317875655,0,test
2025-07-31,0.0179717586649552,0.111639934974549,2025-08-01,2025-08-07,0.297631065427144,0,test,0.0390015173978659,0.183420083375555,2025-08-01,2025-08-28,0.286427317875655,0,test
2025-08-01,0.0114637466432842,0.105950682614388,2025-08-04,2025-08-08,0.297631065427144,0,test,0.0297707827816241,0.183015233176057,2025-08-04,2025-08-29,0.286427317875655,0,test
2025-08-04,0.0219435199057236,0.162743236751628,2025-08-05,2025-08-11,0.297631065427144,0,test,-0.0078469756048361,0.204949401254387,2025-08-05,2025-09-01,0.286427317875655,0,test
2025-08-05,0.0270920338449311,0.181269908226865,2025-08-06,2025-08-12,0.297631065427144,0,test,-0.0107347014839394,0.203400307540496,2025-08-06,2025-09-02,0.286427317875655,0,test
2025-08-06,0.0245307372628395,0.185571904364825,2025-08-07,2025-08-13,0.297631065427144,0,test,0.00133381490971866,0.204180639795024,2025-08-07,2025-09-03,0.286427317875655,0,test
2025-08-07,0.000645577792123818,0.258796842419558,2025-08-08,2025-08-14,0.297631065427144,0,test,0.0219496449322143,0.214364657091397,2025-08-08,2025-09-04,0.286427317875655,0,test
2025-08-08,0.00323206205559123,0.258796214246002,2025-08-11,2025-08-15,0.297631065427144,0,test,0.0206851971557853,0.214503678437219,2025-08-11,2025-09-05,0.286427317875655,0,test
2025-08-11,-0.0215462610899875,0.220185212057179,2025-08-12,2025-08-18,0.297631065427144,0,test,0.00380228136882119,0.202923046421324,2025-08-12,2025-09-08,0.286427317875655,0,test
2025-08-12,-0.0374531835205993,0.192568629773513,2025-08-13,2025-08-19,0.297631065427144,0,test,0.00499375780274658,0.204075300830766,2025-08-13,2025-09-09,0.286427317875655,0,test
2025-08-13,-0.0327044025157233,0.185939361051038,2025-08-14,2025-08-20,0.297631065427144,0,test,0.0125786163522013,0.202322550928468,2025-08-14,2025-09-10,0.286427317875655,0,test
2025-08-14,-0.00322580645161285,0.0537948267043065,2025-08-15,2025-08-21,0.297631065427144,0,test,0.0264516129032258,0.185823646218245,2025-08-15,2025-09-11,0.286427317875655,0,test
2025-08-15,-0.00773195876288645,0.0577896702850615,2025-08-18,2025-08-22,0.297631065427144,0,test,0.0302835051546393,0.186618476386556,2025-08-18,2025-09-12,0.286427317875655,0,test
2025-08-18,0.0194300518134717,0.161333976779511,2025-08-19,2025-08-25,0.297631065427144,0,test,0.0310880829015544,0.186366496405176,2025-08-19,2025-09-15,0.286427317875655,0,test
2025-08-19,0.00713359273670582,0.187180504684769,2025-08-20,2025-08-26,0.297631065427144,0,test,0.042153047989624,0.189260224659258,2025-08-20,2025-09-16,0.286427317875655,0,test
2025-08-20,0.00845253576072842,0.186494541000443,2025-08-21,2025-08-27,0.297631065427144,0,test,0.0461638491547464,0.189087066549007,2025-08-21,2025-09-17,0.286427317875655,0,test
2025-08-21,0.0233009708737865,0.228557528500772,2025-08-22,2025-08-28,0.297631065427144,0,test,0.0355987055016181,0.189447973100911,2025-08-22,2025-09-18,0.286427317875655,0,test
2025-08-22,0.0227272727272728,0.228992638859357,2025-08-25,2025-08-29,0.297631065427144,0,test,0.0487012987012985,0.191977266909324,2025-08-25,2025-09-19,0.286427317875655,0,test
2025-08-25,-0.0266836086404066,0.258885085544869,2025-08-26,2025-09-01,0.297631065427144,0,test,0.027318932655654,0.175686650999376,2025-08-26,2025-09-22,0.286427317875655,0,test
2025-08-26,-0.00643915003219574,0.245985248124361,2025-08-27,2025-09-02,0.297631065427144,0,test,0.0334835801674175,0.171148382505592,2025-08-27,2025-09-23,0.286427317875655,0,test
2025-08-27,0.00193423597678909,0.250934938117035,2025-08-28,2025-09-03,0.297631065427144,0,test,0.0361057382333975,0.171144340801891,2025-08-28,2025-09-24,0.286427317875655,0,test
2025-08-28,0.00126502213788735,0.248396038573057,2025-08-29,2025-09-04,0.297631065427144,0,test,0.018975332068311,0.157301778037677,2025-08-29,2025-09-25,0.286427317875655,0,test
2025-08-29,0.00253968253968246,0.24757737598759,2025-09-01,2025-09-05,0.297631065427144,0,test,0.00317460317460295,0.171226826341771,2025-09-01,2025-09-26,0.286427317875655,0,test
2025-09-01,0.0339425587467361,0.152247771365992,2025-09-02,2025-09-08,0.297631065427144,0,test,0.023498694516971,0.142815459380975,2025-09-02,2025-09-29,0.286427317875655,0,test
2025-09-02,0.0434219053791314,0.184279550778088,2025-09-03,2025-09-09,0.297631065427144,0,test,0.0116655865197664,0.141433879367114,2025-09-03,2025-09-30,0.286427317875655,0,test
2025-09-03,0.036036036036036,0.177244620448624,2025-09-04,2025-09-10,0.297631065427144,0,test,0.0173745173745172,0.146321148560115,2025-09-04,2025-10-09,0.286427317875655,0,test
2025-09-04,0.00505369551484515,0.145906445306774,2025-09-05,2025-09-11,0.297631065427144,0,test,0.00442198357548933,0.132319341546955,2025-09-05,2025-10-10,0.286427317875655,0,test
2025-09-05,0.012666244458518,0.149110667529288,2025-09-08,2025-09-12,0.297631065427144,0,test,0.0189993666877769,0.138584644189162,2025-09-08,2025-10-13,0.286427317875655,0,test
2025-09-08,0.00505050505050503,0.150666387964883,2025-09-09,2025-09-15,0.297631065427144,0,test,-0.0126262626262626,0.170933495412509,2025-09-09,2025-10-14,0.286427317875655,0,test
2025-09-09,-0.00186335403726707,0.1173605303689,2025-09-10,2025-09-16,0.297631065427144,0,test,-0.0354037267080746,0.162806952212976,2025-09-10,2025-10-15,0.286427317875655,0,test
2025-09-10,-0.000621118012422416,0.117692236259202,2025-09-11,2025-09-17,0.297122788318987,0,test,-0.0391304347826087,0.163385762813843,2025-09-11,2025-10-16,0.286427317875655,0,test
2025-09-11,0.00565681961030795,0.0912924501420954,2025-09-12,2025-09-18,0.295754502367157,0,test,-0.0307982401005657,0.158275797256832,2025-09-12,2025-10-17,0.286427317875655,0,test
2025-09-12,0.0100062539086928,0.107027599787123,2025-09-15,2025-09-19,0.295191167370792,0,test,-0.040650406504065,0.158351377331691,2025-09-15,2025-10-20,0.286427317875655,0,test
2025-09-15,0.0157035175879395,0.102771423516637,2025-09-16,2025-09-22,0.294675868161391,0,test,-0.033291457286432,0.158006491866868,2025-09-16,2025-10-21,0.286427317875655,0,test
2025-09-16,-0.00124455507156215,0.0944769078604626,2025-09-17,2025-09-23,0.294194412870206,0,test,-0.0367143746110765,0.155840675852977,2025-09-17,2025-10-22,0.286427317875655,0,test
2025-09-17,-0.0012430080795526,0.0944779362210399,2025-09-18,2025-09-24,0.293931488925206,0,test,-0.0341827221876941,0.156382174725995,2025-09-18,2025-10-23,0.286427317875655,0,test
2025-09-18,0.00687499999999999,0.0874745864892467,2025-09-19,2025-09-25,0.292715654495479,0,test,-0.0362499999999999,0.157531321778352,2025-09-19,2025-10-24,0.286259477177787,0,test
2025-09-19,-0.021671826625387,0.14930187154948,2025-09-22,2025-09-26,0.291672632956737,0,test,-0.0260061919504643,0.169442899590084,2025-09-22,2025-10-27,0.28610265645565,0,test
2025-09-22,-0.0303030303030302,0.158566427445609,2025-09-23,2025-09-29,0.291672632956737,0,test,-0.0197897340754482,0.171520643443645,2025-09-23,2025-10-28,0.286044420940495,0,test
2025-09-23,-0.0274143302180684,0.152826162318522,2025-09-24,2025-09-30,0.29096120573619,0,test,0.00249221183800648,0.177668198429678,2025-09-24,2025-10-29,0.285574982389056,0,test
2025-09-24,-0.0161792159303049,0.17733109055535,2025-09-25,2025-10-09,0.290370750878915,0,test,-0.00124455507156178,0.177832824787391,2025-09-25,2025-10-30,0.285253387027571,0,test
2025-09-25,-0.0130353817504657,0.180993997340267,2025-09-26,2025-10-10,0.290370750878915,0,test,-0.00682805710738666,0.177958718419792,2025-09-26,2025-10-31,0.284035871476531,0,test
2025-09-26,0.0183544303797469,0.144370590096275,2025-09-29,2025-10-13,0.290370750878915,0,test,-0.00949367088607584,0.181868776606518,2025-09-29,2025-11-03,0.283435430997296,0,test
2025-09-29,-0.00255102040816316,0.241800334054503,2025-09-30,2025-10-14,0.290087787747671,0,test,-0.0108418367346937,0.182650760173034,2025-09-30,2025-11-04,0.283184879870269,0,test
2025-09-30,-0.00512491992312615,0.24488609323349,2025-10-09,2025-10-15,0.290087787747671,0,test,-0.00576553491351675,0.181973330082816,2025-10-09,2025-11-05,0.282812805772496,0,test
2025-10-09,-0.0215053763440859,0.229250455561635,2025-10-10,2025-10-16,0.290087787747671,0,test,-0.0164452877925362,0.176406124200733,2025-10-10,2025-11-06,0.282432202679031,0,test
2025-10-10,-0.0301886792452828,0.226847900985489,2025-10-13,2025-10-17,0.290087787747671,0,test,-0.0433962264150941,0.192018964891397,2025-10-13,2025-11-07,0.282184558043859,0,test
2025-10-13,-0.0466128029832193,0.213803207558394,2025-10-14,2025-10-20,0.290087787747671,0,test,-0.0490988191423243,0.188499065934748,2025-10-14,2025-11-10,0.281985519647785,0,test
2025-10-14,-0.0159846547314577,0.0754422092394591,2025-10-15,2025-10-21,0.290087787747671,0,test,-0.0242966751918157,0.15962376188573,2025-10-15,2025-11-11,0.281524124637423,0,test
2025-10-15,-0.00321957501609776,0.0699595907235557,2025-10-16,2025-10-22,0.290087787747671,0,test,-0.00321957501609767,0.165630972274889,2025-10-16,2025-11-12,0.281256873251174,0,test
2025-10-16,0.00452488687782813,0.0699526325649896,2025-10-17,2025-10-23,0.290087787747671,0,test,-0.00129282482223643,0.165203601434066,2025-10-17,2025-11-13,0.280761828936392,0,test
2025-10-17,7.80625564189563e-17,0.085987608576721,2025-10-20,2025-10-24,0.290087787747671,0,test,0.00194552529182894,0.164803461171656,2025-10-20,2025-11-14,0.279466580158086,0,test
2025-10-20,0.0254237288135593,0.161238510259798,2025-10-21,2025-10-27,0.290087787747671,0,test,0.0280312907431553,0.179205541713156,2025-10-21,2025-11-17,0.278944691172775,0,test
2025-10-21,0.0298895386614683,0.168449054947258,2025-10-22,2025-10-28,0.290087787747671,0,test,0.0292397660818714,0.179522586072855,2025-10-22,2025-11-18,0.278944691172775,0,test
2025-10-22,0.0394056847545219,0.19505018854288,2025-10-23,2025-10-29,0.290087787747671,0,test,0.0226098191214471,0.178339531603069,2025-10-23,2025-11-19,0.278944691172775,0,test
2025-10-23,0.0328185328185328,0.193913889218675,2025-10-24,2025-10-30,0.290087787747671,0,test,0.0148005148005149,0.178320302268049,2025-10-24,2025-11-20,0.278944691172775,0,test
2025-10-24,0.0376134889753566,0.187255322388937,2025-10-27,2025-10-31,0.290087787747671,0,test,0.0188067444876785,0.176703272717264,2025-10-27,2025-11-21,0.278944691172775,0,test
2025-10-27,-0.00508582326764143,0.199380218626629,2025-10-28,2025-11-03,0.290087787747671,0,test,0.00508582326764154,0.163521970920685,2025-10-28,2025-11-24,0.278944691172775,0,test
2025-10-28,-0.0214511041009462,0.202265143242043,2025-10-29,2025-11-04,0.290087787747671,0,test,0.00189274447949541,0.162042015084325,2025-10-29,2025-11-25,0.278944691172775,0,test
2025-10-29,-0.0354257302672466,0.171898378124216,2025-10-30,2025-11-05,0.290087787747671,0,test,-0.00932256059664382,0.153593764649416,2025-10-30,2025-11-26,0.278944691172775,0,test
2025-10-30,-0.0311526479750778,0.171536421824044,2025-10-31,2025-11-06,0.289711718617898,0,test,-0.00373831775700928,0.153741881749915,2025-10-31,2025-11-27,0.278944691172775,0,test
2025-10-31,-0.0493749999999999,0.231444889203896,2025-11-03,2025-11-07,0.289403794572619,0,test,-0.00749999999999998,0.155287870940076,2025-11-03,2025-11-28,0.278944691172775,0,test
2025-11-03,-0.0223642172523961,0.175115536433611,2025-11-04,2025-11-10,0.288060202632802,0,test,0.0236421725239616,0.137554332564342,2025-11-04,2025-12-01,0.278944691172775,0,test
2025-11-04,-0.0161186331399097,0.16413769285551,2025-11-05,2025-11-11,0.288060202632802,0,test,0.0322372662798194,0.133823366532082,2025-11-05,2025-12-02,0.278944691172775,0,test
2025-11-05,-0.00257731958762884,0.192993531291449,2025-11-06,2025-11-12,0.287539183626719,0,test,0.030283505154639,0.133877356314667,2025-11-06,2025-12-03,0.278944691172775,0,test
2025-11-06,-0.00643086816720254,0.192997949368024,2025-11-07,2025-11-13,0.287539183626719,0,test,0.0282958199356912,0.133701750614343,2025-11-07,2025-12-04,0.278944691172775,0,test
2025-11-07,0.0157790927021697,0.112319018542267,2025-11-10,2025-11-14,0.287539183626719,0,test,0.0404580404580403,0.114313509722634,2025-11-10,2025-12-05,0.278944691172775,0,test
2025-11-10,0.030718954248366,0.179004817957479,2025-11-11,2025-11-17,0.287539183626719,0,test,0.0229048376107198,0.119103394684393,2025-11-11,2025-12-08,0.278944691172775,0,test
2025-11-11,0.0380078636959371,0.180792646813592,2025-11-12,2025-11-18,0.287539183626719,0,test,0.0215404039126187,0.119566383404214,2025-11-12,2025-12-09,0.278944691172775,0,test
2025-11-12,0.022609819121447,0.149598872177955,2025-11-13,2025-11-19,0.287539183626719,0,test,0.0223105164965627,0.120727387317322,2025-11-13,2025-12-10,0.278944691172775,0,test
2025-11-13,0.0207119741100324,0.151383525852392,2025-11-14,2025-11-20,0.287539183626719,0,test,0.00831177918556534,0.132832362627925,2025-11-14,2025-12-11,0.278944691172775,0,test
2025-11-14,0.0168284789644013,0.153783392887789,2025-11-17,2025-11-21,0.287539183626719,0,test,0.0129737226824604,0.133837756908339,2025-11-17,2025-12-12,0.278944691172775,0,test
2025-11-17,0.00253646163601774,0.0670603635772881,2025-11-18,2025-11-24,0.287539183626719,0,test,-0.0173683965694113,0.117706552764967,2025-11-18,2025-12-15,0.278944691172775,0,test
2025-11-18,0.00252525252525247,0.0670231831669941,2025-11-19,2025-11-25,0.287258329790137,0,test,-0.011317323817324,0.122535332762838,2025-11-19,2025-12-16,0.278944691172775,0,test
2025-11-19,0.00694883133291216,0.0720333261603659,2025-11-20,2025-11-26,0.28629667238906,0,test,-0.00159269458069231,0.126752738904101,2025-11-20,2025-12-17,0.278944691172775,0,test
2025-11-20,0.0139505389980976,0.0704012815512512,2025-11-21,2025-11-27,0.285679021695365,0,test,0.0146030168224205,0.133375116960053,2025-11-21,2025-12-18,0.27886892376979,0,test
2025-11-21,0.0108211330362825,0.0813981624572941,2025-11-24,2025-11-28,0.284804075174452,0,test,0.0217528613454772,0.133175394777724,2025-11-24,2025-12-19,0.278722122214113,0,test
2025-11-24,0.0132827324478177,0.0920842511689521,2025-11-25,2025-12-01,0.284482276687789,0,test,0.0172426424798339,0.131434007879133,2025-11-25,2025-12-22,0.278017300648041,0,test
2025-11-25,0.00818639798488655,0.0866920024009647,2025-11-26,2025-12-02,0.284482276687789,0,test,0.00887082656604049,0.131207374987959,2025-11-26,2025-12-23,0.277521770599491,0,test
2025-11-26,0.00313676286072761,0.0829304550827519,2025-11-27,2025-12-03,0.284331318531143,0,test,0.00636435862282763,0.130602221615772,2025-11-27,2025-12-24,0.277383879663813,0,test
2025-11-27,-1.13841228110978e-16,0.0798943781848082,2025-11-28,2025-12-04,0.284331318531143,0,test,0.00193050193050165,0.130207973573768,2025-11-28,2025-12-25,0.277383879663813,0,test
2025-11-28,-0.00344037812551679,0.096849157531826,2025-12-01,2025-12-05,0.284331318531143,0,test,0.0147024498409887,0.129507806533741,2025-12-01,2025-12-26,0.277383879663813,0,test
2025-12-01,-0.0230684135178518,0.108273486934382,2025-12-02,2025-12-08,0.284331318531143,0,test,0.0231768686824865,0.139583243708929,2025-12-02,2025-12-29,0.277383879663813,0,test
2025-12-02,-0.0263143932725445,0.111762644284502,2025-12-03,2025-12-09,0.284331318531143,0,test,0.0141755032448347,0.143549142016655,2025-12-03,2025-12-30,0.277383879663813,0,test
2025-12-03,-0.0102960102960104,0.154448454764016,2025-12-04,2025-12-10,0.284331318531143,0,test,0.0160875160875159,0.143498172580978,2025-12-04,2025-12-31,0.277383879663813,0,test
2025-12-04,-0.0257400257400258,0.190581536976091,2025-12-05,2025-12-11,0.284331318531143,0,test,0.0257400257400256,0.147370591166192,2025-12-05,2026-01-05,0.277383879663813,0,test
2025-12-05,-0.0110533159947983,0.178872660300266,2025-12-08,2025-12-12,0.284331318531143,0,test,0.0416124837451235,0.143820372053238,2025-12-08,2026-01-06,0.277383879663813,0,test
2025-12-08,-0.009861932938856,0.175270021982807,2025-12-09,2025-12-15,0.284331318531143,0,test,0.0887573964497041,0.181592847106465,2025-12-09,2026-01-07,0.277383879663813,0,test
2025-12-09,0.00462046204620465,0.188576594734364,2025-12-10,2025-12-16,0.284331318531143,0,test,0.0732673267326733,0.192329020557633,2025-12-10,2026-01-08,0.277383879663813,0,test
2025-12-10,-0.00130039011703511,0.168358075665572,2025-12-11,2025-12-17,0.284331318531143,0,test,0.0591677503250977,0.184858643519444,2025-12-11,2026-01-09,0.277383879663813,0,test
2025-12-11,0.0270805812417438,0.153280504144089,2025-12-12,2025-12-18,0.284331318531143,0,test,0.0865257595772789,0.179609782096635,2025-12-12,2026-01-12,0.277383879663813,0,test
2025-12-12,0.0256410256410255,0.15146581900834,2025-12-15,2025-12-19,0.284331318531143,0,test,0.0775805391190007,0.179331549400251,2025-12-15,2026-01-13,0.277383879663813,0,test
2025-12-15,0.0378486055776892,0.134823424584002,2025-12-16,2025-12-22,0.284331318531143,0,test,0.0903054448871182,0.17596675405388,2025-12-16,2026-01-14,0.277383879663813,0,test
2025-12-16,0.0229960578186596,0.115299509910331,2025-12-17,2025-12-23,0.284331318531143,0,test,0.0683311432325887,0.175400091035566,2025-12-17,2026-01-15,0.277383879663813,0,test
2025-12-17,0.0149739583333333,0.0956636501648467,2025-12-18,2025-12-24,0.284331318531143,0,test,0.0572916666666668,0.172417818989441,2025-12-18,2026-01-16,0.277383879663813,0,test
2025-12-18,0.00128617363344039,0.0402134141347801,2025-12-19,2025-12-25,0.284331318531143,0,test,0.0212218649517685,0.184811375767189,2025-12-19,2026-01-19,0.277383879663813,0,test
2025-12-19,0.0038461538461538,0.0526498391957405,2025-12-22,2025-12-26,0.284331318531143,0,test,0.0121794871794872,0.185559737806264,2025-12-22,2026-01-20,0.277383879663813,0,test
2025-12-22,0.0191938579654509,0.131582078194122,2025-12-23,2025-12-29,0.284331318531143,0,test,0.00319897632757523,0.187087382397145,2025-12-23,2026-01-21,0.277383879663813,0,test
2025-12-23,0.0134874759152215,0.145187557904375,2025-12-24,2025-12-30,0.284331318531143,0,test,0.0102761721258831,0.186930497105602,2025-12-24,2026-01-22,0.277383879663813,0,test
2025-12-24,0.0128287363694676,0.14497103625432,2025-12-25,2025-12-31,0.284331318531143,0,test,0.0198845413726748,0.190730622391837,2025-12-25,2026-01-23,0.277383879663813,0,test
2025-12-25,0.0237636480411047,0.159496114998081,2025-12-26,2026-01-05,0.28426164774796,0,test,0.00770712909441236,0.196429955242222,2025-12-26,2026-01-26,0.277383879663813,0,test
2025-12-26,0.0229885057471264,0.158201988521095,2025-12-29,2026-01-06,0.28426164774796,0,test,0.0063856960408684,0.195999574894122,2025-12-29,2026-01-27,0.277383879663813,0,test
2025-12-29,0.0395480225988702,0.256306591324983,2025-12-30,2026-01-07,0.28426164774796,0,test,-0.0169491525423729,0.187734907669007,2025-12-30,2026-01-28,0.277383879663813,0,test
2025-12-30,0.0304182509505705,0.279333622317877,2025-12-31,2026-01-08,0.28426164774796,0,test,0.0120405576679341,0.197378182010447,2025-12-31,2026-01-29,0.277383879663813,0,test
2025-12-31,0.0316656111462953,0.27960381860423,2026-01-05,2026-01-09,0.28426164774796,0,test,0.00253324889170358,0.199824829747047,2026-01-05,2026-01-30,0.277383879663813,0,test
2026-01-05,0.0319949811794231,0.280156479440829,2026-01-06,2026-01-12,0.28426164774796,0,test,-0.0175658720200753,0.200680079958056,2026-01-06,2026-02-02,0.277383879663813,0,test
2026-01-06,0.0230961298377031,0.279101145418547,2026-01-07,2026-01-13,0.28426164774796,0,test,-0.0293383270911361,0.20145169960162,2026-01-07,2026-02-03,0.277383879663813,0,test
2026-01-07,-0.00845410628019317,0.150575317545607,2026-01-08,2026-01-14,0.28426164774796,0,test,-0.0561594202898552,0.164518410507827,2026-01-08,2026-02-04,0.277383879663813,0,test
2026-01-08,1.73472347597681e-17,0.10324771778647,2026-01-09,2026-01-15,0.28426164774796,0,test,-0.0547355473554737,0.162482130638564,2026-01-09,2026-02-05,0.277383879663813,0,test
2026-01-09,-0.00306936771025174,0.102787093191321,2026-01-12,2026-01-16,0.28426164774796,0,test,-0.0662983425414366,0.166545459071741,2026-01-12,2026-02-06,0.277383879663813,0,test
2026-01-12,-0.0346504559270517,0.176287254511799,2026-01-13,2026-01-19,0.28426164774796,0,test,-0.0741641337386019,0.162958405888253,2026-01-13,2026-02-09,0.277383879663813,0,test
2026-01-13,-0.0366076876143991,0.178975811398096,2026-01-14,2026-01-20,0.28426164774796,0,test,-0.0707748627211715,0.162441382200496,2026-01-14,2026-02-10,0.277383879663813,0,test
2026-01-14,-0.0450669914738125,0.185275244693903,2026-01-15,2026-01-21,0.28426164774796,0,test,-0.0712545676004874,0.162378465231846,2026-01-15,2026-02-11,0.277383879663813,0,test
2026-01-15,-0.0325953259532596,0.173220241995596,2026-01-16,2026-01-22,0.28426164774796,0,test,-0.0627306273062732,0.158631832623398,2026-01-16,2026-02-12,0.277383879663813,0,test
2026-01-16,-0.0209359605911331,0.189083574152993,2026-01-19,2026-01-23,0.28426164774796,0,test,-0.08128078817734,0.175553743099798,2026-01-19,2026-02-13,0.277383879663813,0,test
2026-01-19,-0.0119647355163729,0.139050528551234,2026-01-20,2026-01-26,0.28426164774796,0,test,-0.0673803526448363,0.158673813432236,2026-01-20,2026-02-24,0.277383879663813,0,test
2026-01-20,-0.00189993666877785,0.136768687290352,2026-01-21,2026-01-27,0.28426164774796,0,test,-0.0468651044965169,0.167410905618747,2026-01-21,2026-02-25,0.277383879663813,0,test
2026-01-21,-0.00127551020408183,0.135220822815811,2026-01-22,2026-01-28,0.28426164774796,0,test,-0.0452806122448981,0.166638996300238,2026-01-22,2026-02-26,0.277383879663813,0,test
2026-01-22,0.0152574698029242,0.192717334229808,2026-01-23,2026-01-29,0.28426164774796,0,test,-0.0457724094087732,0.166524958167376,2026-01-23,2026-02-27,0.277383879663813,0,test
2026-01-23,-0.00440251572327049,0.187679968069281,2026-01-26,2026-01-30,0.28426164774796,0,test,-0.0509433962264151,0.163189040961738,2026-01-26,2026-03-02,0.277383879663813,0,test
2026-01-26,-0.0019120458891014,0.17941593965287,2026-01-27,2026-02-02,0.28426164774796,0,test,-0.0395156150414276,0.156286614246936,2026-01-27,2026-03-03,0.277383879663813,0,test
2026-01-27,-0.0133248730964467,0.183563844007601,2026-01-28,2026-02-03,0.28426164774796,0,test,-0.0456852791878172,0.155646575698261,2026-01-28,2026-03-04,0.277383879663813,0,test
2026-01-28,-0.00191570881226046,0.181605936331268,2026-01-29,2026-02-04,0.28426164774796,0,test,-0.0306513409961684,0.157470693849222,2026-01-29,2026-03-05,0.277383879663813,0,test
2026-01-29,-0.0375704445835942,0.166722694104968,2026-01-30,2026-02-05,0.28426164774796,0,test,-0.0331872260488415,0.153588752419257,2026-01-30,2026-03-06,0.277383879663813,0,test
2026-01-30,-0.0391661402400505,0.171487622859463,2026-02-02,2026-02-06,0.28426164774796,0,test,-0.00884396715097902,0.160820670169407,2026-02-02,2026-03-09,0.277383879663813,0,test
2026-02-02,-0.0274584929757342,0.15368618416551,2026-02-03,2026-02-09,0.28426164774796,0,test,0.00127713920817385,0.156203431428135,2026-02-03,2026-03-10,0.277383879663813,0,test
2026-02-03,-0.0205787781350481,0.145310394980024,2026-02-04,2026-02-10,0.28426164774796,0,test,0.0128617363344054,0.154994930555935,2026-02-04,2026-03-11,0.277383879663813,0,test
2026-02-04,-0.0243122200895713,0.140977872568969,2026-02-05,2026-02-11,0.28426164774796,0,test,0.0179142674344213,0.158047051965377,2026-02-05,2026-03-12,0.277383879663813,0,test
2026-02-05,-0.00845803513337667,0.0755946651990476,2026-02-06,2026-02-12,0.28426164774796,0,test,0.0559531554977233,0.162572800095456,2026-02-06,2026-03-13,0.277383879663813,0,test
2026-02-06,-0.0190664036817883,0.151301333908373,2026-02-09,2026-02-13,0.28426164774796,0,test,0.0637738330046026,0.158650903458055,2026-02-09,2026-03-16,0.277383879663813,0,test
2026-02-09,-0.0275771503611294,0.159890413037361,2026-02-10,2026-02-24,0.28426164774796,0,test,0.0722258699934343,0.161929973655658,2026-02-10,2026-03-17,0.277383879663813,0,test
2026-02-10,-0.0118187787261984,0.196441278098908,2026-02-11,2026-02-25,0.283879712401231,0,test,0.0650032829940909,0.163697622624258,2026-02-11,2026-03-18,0.277383879663813,0,test
2026-02-11,-0.0183606557377049,0.199835113941442,2026-02-12,2026-02-26,0.282978797850467,0,test,0.0590163934426233,0.164349938762516,2026-02-12,2026-03-19,0.277383879663813,0,test
2026-02-12,-0.0150918635170604,0.200677018419567,2026-02-13,2026-02-27,0.282054637200845,0,test,0.0702099737532813,0.168017981620765,2026-02-13,2026-03-20,0.277383879663813,0,test
2026-02-13,0.0113941018766756,0.137836074774054,2026-02-24,2026-03-02,0.280898739121485,0,test,0.0978552278820381,0.150953623266165,2026-02-24,2026-03-23,0.277383879663813,0,test
2026-02-24,0.0175557056043213,0.127779326907551,2026-02-25,2026-03-03,0.280898739121485,0,test,0.112761647535449,0.150212487588552,2026-02-25,2026-03-24,0.277383879663813,0,test
2026-02-25,-0.000664451827242533,0.0591899877441107,2026-02-26,2026-03-04,0.280264023391846,0,test,0.0717607973421932,0.158474032480119,2026-02-26,2026-03-25,0.277374526612932,0,test
2026-02-26,0.0140280561122245,0.079990801074898,2026-02-27,2026-03-05,0.280264023391846,0,test,0.0915163660654647,0.16390338071939,2026-02-27,2026-03-26,0.277374526612932,0,test
2026-02-27,0.0286475682878082,0.143442474953805,2026-03-02,2026-03-06,0.280264023391846,0,test,0.0819453697534982,0.165073985882184,2026-03-02,2026-03-27,0.277374526612932,0,test
2026-03-02,0.0397614314115309,0.179316117148983,2026-03-03,2026-03-09,0.280264023391846,0,test,0.0775347912524856,0.164050245270471,2026-03-03,2026-03-30,0.277374526612932,0,test
2026-03-03,0.0404777704047778,0.179125945050226,2026-03-04,2026-03-10,0.280264023391846,0,test,0.0723291307232918,0.165438328700934,2026-03-04,2026-03-31,0.277374526612932,0,test
2026-03-04,0.0472074468085109,0.181344899880383,2026-03-05,2026-03-11,0.280264023391846,0,test,0.0797872340425537,0.166213957384502,2026-03-05,2026-04-01,0.277374526612932,0,test
2026-03-05,0.0480895915678527,0.183597715032406,2026-03-06,2026-03-12,0.280264023391846,0,test,0.0606060606060611,0.165800810486719,2026-03-06,2026-04-02,0.277374526612932,0,test
2026-03-06,0.0511658031088086,0.197884053360325,2026-03-09,2026-03-13,0.280264023391846,0,test,0.0367341248634964,0.155811278312913,2026-03-09,2026-04-03,0.277374526612932,0,test
2026-03-09,0.0312300828553221,0.163203215811664,2026-03-10,2026-03-16,0.280264023391846,0,test,0.0182430327505742,0.145167727387222,2026-03-10,2026-04-07,0.277374526612932,0,test
2026-03-10,0.0414540816326534,0.175802903036746,2026-03-11,2026-03-17,0.280264023391846,0,test,0.00836803331197996,0.149756140919417,2026-03-11,2026-04-08,0.277374526612932,0,test
2026-03-11,0.02984126984127,0.179468781431285,2026-03-12,2026-03-18,0.280264023391846,0,test,-0.0177236814008112,0.167761109813482,2026-03-12,2026-04-09,0.277374526612932,0,test
2026-03-12,0.0150848522941547,0.16734063313869,2026-03-13,2026-03-19,0.27974198381338,0,test,-0.0230641529004235,0.164710913775875,2026-03-13,2026-04-10,0.277374526612932,0,test
2026-03-13,0.00492914356130625,0.113644448499305,2026-03-16,2026-03-20,0.279401171389465,0,test,-0.0296163059605612,0.155959313862226,2026-03-16,2026-04-13,0.277374526612932,0,test
2026-03-16,0.0123609394313969,0.115583919638325,2026-03-17,2026-03-23,0.279401171389465,0,test,-0.0329920679352795,0.157312700395177,2026-03-17,2026-04-14,0.277374526612932,0,test
2026-03-17,0.00918554807103497,0.104569806440162,2026-03-18,2026-03-24,0.279401171389465,0,test,-0.0349270510958125,0.15598733125225,2026-03-18,2026-04-15,0.277374526612932,0,test
2026-03-18,-0.00554870530209609,0.178486988354433,2026-03-19,2026-03-25,0.279401171389465,0,test,-0.00485477155479853,0.175981380731294,2026-03-19,2026-04-16,0.277374526612932,0,test
2026-03-19,0.0117647058823531,0.198362637923575,2026-03-20,2026-03-26,0.279401171389465,0,test,-0.00565050188118658,0.176251790282762,2026-03-20,2026-04-17,0.277374526612932,0,test
2026-03-20,-0.00429184549356216,0.190653561178986,2026-03-23,2026-03-27,0.27919601426202,0,test,-0.00528713573614356,0.176513861545709,2026-03-23,2026-04-20,0.277374526612932,0,test
2026-03-23,-0.00732600732600731,0.18841637374069,2026-03-24,2026-03-30,0.279113395291427,0,test,-0.0126863669464567,0.176220763209922,2026-03-24,2026-04-21,0.277374526612932,0,test
2026-03-24,-0.0194174757281553,0.18855172523267,2026-03-25,2026-03-31,0.277344270738184,0,test,-0.0155481300883801,0.175256114506112,2026-03-25,2026-04-22,0.277374526612932,0,test
2026-03-25,0.00681959082455056,0.116428936629929,2026-03-26,2026-04-01,0.276527855827771,0,test,0.00197665270128631,0.158405948055727,2026-03-26,2026-04-23,0.277374526612932,0,test
2026-03-26,-0.01468788249694,0.0943445305454101,2026-03-27,2026-04-02,0.276414625704938,0,test,-0.0071134139447065,0.152211185442948,2026-03-27,2026-04-24,0.277374526612932,0,test
2026-03-27,-0.0143365216815038,0.0932023506074996,2026-03-30,2026-04-03,0.276297322790207,0,test,-0.00163467273410079,0.150660274147868,2026-03-30,2026-04-27,0.277245092873587,0,test
2026-03-30,-0.0174518337111622,0.0938030611188408,2026-03-31,2026-04-07,0.276297322790207,0,test,-0.00984009840098425,0.152645759832528,2026-03-31,2026-04-28,0.276533079658617,0,test
2026-03-31,-0.0215834924299604,0.110970035365447,2026-04-01,2026-04-08,0.275908086431128,0,test,0.00522243928428698,0.154355709403517,2026-04-01,2026-04-29,0.275605324009209,0,test
2026-04-01,-0.0473613289447525,0.186956717072062,2026-04-02,2026-04-09,0.275299149347727,0,test,0.0110671762133025,0.158021077395718,2026-04-02,2026-04-30,0.275256757918489,0,test
2026-04-02,-0.0345932094811019,0.17963080582251,2026-04-03,2026-04-10,0.274789323034416,0,test,0.0454836643177448,0.178283835660475,2026-04-03,2026-05-06,0.2751341788074,0,test
2026-04-03,-0.0161082474226804,0.198349971257373,2026-04-07,2026-04-13,0.274789323034416,0,test,0.0528350515463915,0.177151789940196,2026-04-07,2026-05-07,0.27444664976942,0,test
2026-04-07,-0.0206584893479665,0.203297211428675,2026-04-08,2026-04-14,0.274789323034416,0,test,0.0516462233699157,0.177352552157049,2026-04-08,2026-05-08,0.274159084145031,0,test
2026-04-08,-0.00326157860404445,0.196283580028079,2026-04-09,2026-04-15,0.274789323034416,0,test,0.0730593607305933,0.176916021157622,2026-04-09,2026-05-11,0.274014815935514,0,test
2026-04-09,0.0433333333333333,0.208594508799717,2026-04-10,2026-04-16,0.274789323034416,0,test,0.0833333333333331,0.164978183216863,2026-04-10,2026-05-12,0.273280585413197,0,test
2026-04-10,0.0331785003317851,0.209148084722854,2026-04-13,2026-04-17,0.274532682298586,0,test,0.0882548108825478,0.167357277703946,2026-04-13,2026-05-13,0.272795505133762,0,test
2026-04-13,0.0301244269810084,0.200625032397049,2026-04-14,2026-04-20,0.27407197135649,0,test,0.070072036673215,0.161206658364835,2026-04-14,2026-05-14,0.272528390184781,0,test
2026-04-14,0.033618984838497,0.196431996379454,2026-04-15,2026-04-21,0.273318717778859,0,test,0.0672379696769937,0.16283519385648,2026-04-15,2026-05-15,0.272350434928872,0,test
2026-04-15,0.0294502617801046,0.190959359711048,2026-04-16,2026-04-22,0.273095354763911,0,test,0.0510471204188478,0.163329525472028,2026-04-16,2026-05-18,0.272221305964508,0,test
2026-04-16,0.00127795527156542,0.0913761296685303,2026-04-17,2026-04-23,0.272127384830774,0,test,0.0204472843450475,0.140930717953676,2026-04-17,2026-05-19,0.271455476465731,0,test
2026-04-17,0.0102761721258829,0.0881018825467041,2026-04-20,2026-04-24,0.271595586626502,0,test,0.0276172125883104,0.139910361859845,2026-04-20,2026-05-20,0.271098571487207,0,test
2026-04-20,-0.000635727908455348,0.050142596107117,2026-04-21,2026-04-27,0.27010048730148,0,test,0.00381436745073069,0.143028950144057,2026-04-21,2026-05-21,0.270906281684723,0,test
2026-04-21,-0.00446428571428588,0.0669971068617218,2026-04-22,2026-04-28,0.269247049841194,0,test,0.0102040816326526,0.143022760978771,2026-04-22,2026-05-22,0.270512998655295,0,test
2026-04-22,0.00127145581691028,0.0894185132002917,2026-04-23,2026-04-29,0.268805792215457,0,test,0.00826446280991699,0.142645921682382,2026-04-23,2026-05-25,0.269871524729979,0,test
2026-04-23,0.0159540523292915,0.114317817387562,2026-04-24,2026-04-30,0.267394985715301,0,test,-0.00319081046585871,0.151965066280877,2026-04-24,2026-05-26,0.26937925232022,0,test
2026-04-24,0.0375079465988556,0.2082508458069,2026-04-27,2026-05-06,0.266766103653479,0,test,-0.00635727908455216,0.151375421352054,2026-04-27,2026-05-27,0.2690940173426,0,test
2026-04-27,0.039440203562341,0.208383377575041,2026-04-28,2026-05-07,0.266528171672501,0,test,-0.00699745547073825,0.15142681309693,2026-04-28,2026-05-28,0.268726186448604,0,test
2026-04-28,0.0435618193465727,0.20349892707909,2026-04-29,2026-05-08,0.266454448158584,0,test,0.00384368994234431,0.149980739907283,2026-04-29,2026-05-29,0.268334065558915,0,test
2026-04-29,0.0444444444444444,0.205447615747015,2026-04-30,2026-05-11,0.266454448158584,0,test,-0.00825396825396862,0.147032102828171,2026-04-30,2026-06-01,0.267937740923914,0,test
2026-04-30,0.0207286432160803,0.209621979294388,2026-05-06,2026-05-12,0.266379767335481,0,test,-0.0119346733668346,0.144175918974009,2026-05-06,2026-06-02,0.267494335424558,0,test
2026-05-06,0.00490196078431358,0.130998304458885,2026-05-07,2026-05-13,0.265712167022627,0,test,-0.0441176470588239,0.11787905765839,2026-05-07,2026-06-03,0.266953767247322,0,test
2026-05-07,-1.4658413372004e-16,0.133274270533986,2026-05-08,2026-05-14,0.264476298595567,0,test,-0.060587515299878,0.131015839968177,2026-05-08,2026-06-04,0.266696584970707,0,test
2026-05-08,-0.00613873542050349,0.14688514758583,2026-05-11,2026-05-15,0.263966161070792,0,test,-0.0595457335788831,0.130747967027421,2026-05-11,2026-06-05,0.266405209464443,0,test
2026-05-11,-0.0237082066869302,0.141549514952665,2026-05-12,2026-05-18,0.263752045744103,0,test,-0.0772036474164137,0.130204642321275,2026-05-12,2026-06-08,0.265913483735788,0,test
2026-05-12,-0.0172307692307694,0.118685864377363,2026-05-13,2026-05-19,0.263507842163872,0,test,-0.0646153846153849,0.122840066019029,2026-05-13,2026-06-09,0.265462717905952,0,test
2026-05-13,-0.0243902439024391,0.100043616309819,2026-05-14,2026-05-20,0.263028139189755,0,test,-0.0591463414634147,0.129876086283047,2026-05-14,2026-06-10,0.265118750781736,0,test
2026-05-14,-0.0336597307221543,0.134644640208715,2026-05-15,2026-05-21,0.262693707112876,0,test,-0.0648714810281519,0.133794471277265,2026-05-15,2026-06-11,0.264940660816678,0,test
2026-05-15,-0.0216182828906734,0.119776326544398,2026-05-18,2026-05-22,0.26230335806471,0,test,-0.0562075355157506,0.129727850493048,2026-05-18,2026-06-12,0.264518318933573,0,test
2026-05-18,-0.0124533001245331,0.105597241384642,2026-05-19,2026-05-25,0.262072024437966,0,test,-0.0392278953922791,0.131197511387262,2026-05-19,2026-06-15,0.264168998923912,0,test
2026-05-19,-0.0219160926737634,0.145867246153656,2026-05-20,2026-05-26,0.262072024437966,0,test,-0.0457107075767064,0.136927529005671,2026-05-20,2026-06-16,0.26387846361747,0,test
2026-05-20,-0.0231250000000001,0.14532851421283,2026-05-21,2026-05-27,0.261482777376057,0,test,-0.0656250000000001,0.152825263814477,2026-05-21,2026-06-17,0.26367328482912,0,test
2026-05-21,-0.0113996200126664,0.111379874869242,2026-05-22,2026-05-28,0.260465507659645,0,test,-0.0538315389487018,0.145471029282901,2026-05-22,2026-06-18,0.263620757978298,0,test
2026-05-22,-0.0107323232323233,0.112443145937947,2026-05-25,2026-05-29,0.259969346180253,0,test,-0.0662878787878788,0.149395078110418,2026-05-25,2026-06-22,0.262667504697451,0,test
2026-05-25,-0.0151324085750316,0.114359047131312,2026-05-26,2026-06-01,0.25970268313175,0,test,-0.0687263556116016,0.149405151444341,2026-05-26,2026-06-23,0.262033182550025,0,test
2026-05-26,0.00704225352112664,0.0619824196143527,2026-05-27,2026-06-02,0.259339083607042,0,test,-0.0473751600512164,0.141725265308061,2026-05-27,2026-06-24,0.261710901638652,0,test
2026-05-27,-0.00191938579654515,0.0853945604764309,2026-05-28,2026-06-03,0.259069478598648,0,test,-0.0595009596928983,0.148145962739675,2026-05-28,2026-06-25,0.26118618753531,0,test
2026-05-28,-0.0166559897501602,0.142702187933749,2026-05-29,2026-06-04,0.259010122879572,0,test,-0.0416399743754003,0.160622712084137,2026-05-29,2026-06-26,0.260569797945055,0,test
2026-05-29,-0.0223356732610084,0.140765931521128,2026-06-01,2026-06-05,0.258967681087642,0,test,-0.0478621569878748,0.160326348635188,2026-06-01,2026-06-29,0.260153597765574,0,test
2026-06-01,-0.0281690140845071,0.153453449931509,2026-06-02,2026-06-08,0.25890227267403,0,test,-0.0435339308578745,0.159995168870848,2026-06-02,2026-06-30,0.259937579440037,0,test
2026-06-02,-0.0336935791481246,0.145441806347194,2026-06-03,2026-06-09,0.258818903200886,0,test,-0.0680228862047044,0.171720938203736,2026-06-03,2026-07-01,0.25974840059954,0,test
2026-06-03,-0.0108974358974358,0.170440188882164,2026-06-04,2026-06-10,0.258818903200886,0,test,-0.0512820512820513,0.172506639873233,2026-06-04,2026-07-02,0.259562253371021,0,test
2026-06-04,-0.0045602605863191,0.143893266255061,2026-06-05,2026-06-11,0.258818903200886,0,test,-0.0436482084690553,0.165242462144241,2026-06-05,2026-07-03,0.259508789502235,0,test
2026-06-05,-0.00261096605744112,0.143221450307847,2026-06-08,2026-06-12,0.258796371289391,0,test,-0.0365535248041774,0.166219780794969,2026-06-08,2026-07-06,0.259482264524307,0,test
2026-06-08,0.0164690382081688,0.145170305614243,2026-06-09,2026-06-15,0.258796371289391,0,test,-0.0309617918313569,0.163438593090223,2026-06-09,2026-07-07,0.259472210930919,0,test
2026-06-09,0.00263157894736845,0.169482152226008,2026-06-10,2026-06-16,0.258664223236537,0,test,-0.0184210526315789,0.170944663369944,2026-06-10,2026-07-08,0.25937935552776,0,test
2026-06-10,-0.0311082307193779,0.189630638482812,2026-06-11,2026-06-17,0.258664223236537,0,test,-0.033700583279326,0.162437198918174,2026-06-11,2026-07-09,0.259175555477885,0,test
2026-06-11,-0.0222513089005236,0.176557691426881,2026-06-12,2026-06-18,0.25757443646713,0,test,-0.0163612565445025,0.161223621437744,2026-06-12,2026-07-10,0.258841215818324,0,test
2026-06-12,-0.0320680628272252,0.190537831101216,2026-06-15,2026-06-22,0.25757443646713,0,test,-0.025523560209424,0.164610296099856,2026-06-15,2026-07-13,0.258743027007744,0,test
2026-06-15,-0.0427738172391446,0.177727956505524,2026-06-16,2026-06-23,0.256536403463332,0,test,-0.0142579390797147,0.177738314224921,2026-06-16,2026-07-14,0.258725706199279,0,test
2026-06-16,-0.0236220472440945,0.163171272007719,2026-06-17,2026-06-24,0.25487527257928,0,test,1.46150452851046e-16,0.172352954753586,2026-06-17,2026-07-15,0.258224824146591,0,test
2026-06-17,-0.0167224080267558,0.124446924862411,2026-06-18,2026-06-25,0.253938447957652,0,test,0.0160535117056857,0.158716160032764,2026-06-18,2026-07-16,0.258023054139334,0,test
2026-06-18,0.00133868808567615,0.175945496198215,2026-06-22,2026-06-26,0.253938447957652,0,test,0.0200803212851408,0.159126521170232,2026-06-22,2026-07-17,0.257977980194182,0,test
2026-06-22,0.00878972278566611,0.161821061301418,2026-06-23,2026-06-29,0.253210151376062,0,test,0.0250169033130496,0.156164240952842,2026-06-23,2026-07-20,0.257351810548728,0,test
2026-06-23,0.011509817197021,0.16181536019921,2026-06-24,2026-06-30,0.253210151376062,0,test,0.0142180094786732,0.161746173018242,2026-06-24,2026-07-21,0.256814496080924,0,test
2026-06-24,-0.0147849462365592,0.203592582146243,2026-06-25,2026-07-01,0.253210151376062,0,test,-0.00604838709677408,0.165894967289666,2026-06-25,2026-07-22,0.256465590003524,0,test
2026-06-25,0.00680272108843534,0.196309676419976,2026-06-26,2026-07-02,0.253210151376062,0,test,0.0170068027210885,0.164662101862186,2026-06-26,2026-07-23,0.256465590003524,0,test
2026-06-26,-0.0187165775401071,0.162436378542458,2026-06-29,2026-07-03,0.253210151376062,0,test,-0.00267379679144376,0.152615074793777,2026-06-29,2026-07-24,0.256465590003524,0,test
2026-06-29,-0.0107238605898124,0.165870302707729,2026-06-30,2026-07-06,0.253210151376062,0,test,-0.00670241286863262,0.154178073814534,2026-06-30,2026-07-27,0.256465590003524,0,test
2026-06-30,-0.0153949129852743,0.167340490895309,2026-07-01,2026-07-07,0.252782077591906,0,test,-0.00803212851405602,0.154104730294384,2026-07-01,2026-07-28,0.256014389393204,0,test
2026-07-01,0.0177353342428377,0.141736757060062,2026-07-02,2026-07-08,0.25270946237602,0,test,0.00818553888130988,0.139033002311251,2026-07-02,2026-07-29,0.255602595469706,0,test
2026-07-02,0.0074324324324325,0.124735997828631,2026-07-03,2026-07-09,0.251608921687124,0,test,-0.0337837837837836,0.178678883671486,2026-07-03,2026-07-30,0.255492693893365,0,test
2026-07-03,0.0238419618528612,0.124327033784248,2026-07-06,2026-07-10,0.251013442441486,0,test,-0.0245231607629426,0.176396279143349,2026-07-06,2026-07-31,0.25539367334113,0,test
2026-07-06,0.00880758807588081,0.135582152389251,2026-07-07,2026-07-13,0.250375141516897,0,test,-0.0542005420054199,0.197260310142799,2026-07-07,2026-08-03,0.25539367334113,0,test
2026-07-07,0.0339904826648539,0.201468002821673,2026-07-08,2026-07-14,0.250375141516897,0,test,-0.0489462950373895,0.197039623282484,2026-07-08,2026-08-04,0.255345579476922,0,test
2026-07-08,0.0214477211796248,0.175094409487203,2026-07-09,2026-07-15,0.250375141516897,0,test,-0.0536193029490617,0.193315347386781,2026-07-09,2026-08-05,0.255345579476922,0,test
2026-07-09,0.0187793427230047,0.176577695375303,2026-07-10,2026-07-16,0.248964628887804,0,test,-0.0355466130114019,0.203862607917782,2026-07-10,2026-08-06,0.254650968995384,0,test
2026-07-10,0.0139720558882236,0.168776162188109,2026-07-13,2026-07-17,0.248436193338212,0,test,-0.046573519627412,0.202245353147308,2026-07-13,2026-08-07,0.25403085584632,0,test
2026-07-13,0.0181329751511082,0.159585548725239,2026-07-14,2026-07-20,0.2480394765902,0,test,-0.0396625992221766,0.199642621778304,2026-07-14,2026-08-10,0.253653196263248,0,test
2026-07-14,-0.0151216305062458,0.0993523582697056,2026-07-15,2026-07-21,0.247663187639671,0,test,-0.0518258838096898,0.187281401372168,2026-07-15,2026-08-11,0.252659315411324,0,test
2026-07-15,-0.0295275590551181,0.133743263933583,2026-07-16,2026-07-22,0.246733596591762,0,test,-0.0563674428676503,0.187420317123183,2026-07-16,2026-08-12,0.252137066777377,0,test
2026-07-16,-0.0157998683344305,0.152243851909423,2026-07-17,2026-07-23,0.246733596591762,0,test,-0.0539323149073333,0.187073880886024,2026-07-17,2026-08-13,0.252050452919796,0,test
2026-07-17,-0.020997375328084,0.151120028092626,2026-07-20,2026-07-24,0.246733596591762,0,test,-0.0496797564244728,0.188736557215933,2026-07-20,2026-08-14,0.252021823626301,0,test
2026-07-20,-0.0224274406332454,0.154014574154034,2026-07-21,2026-07-27,0.246733596591762,0,test,-0.0500432560042339,0.188875816099669,2026-07-21,2026-08-17,0.251972340881362,0,test
2026-07-21,-0.0106809078771696,0.128568987118319,2026-07-22,2026-07-28,0.246733596591762,0,test,-0.0284229138139618,0.187833584077956,2026-07-22,2026-08-18,0.250992981871344,0,test
2026-07-22,-0.000676132521974291,0.0931991509807793,2026-07-23,2026-07-29,0.246733596591762,0,test,-0.0186979976667179,0.182558435165892,2026-07-23,2026-08-19,0.250640747558191,0,test
2026-07-23,-0.0434782608695652,0.240390581716045,2026-07-24,2026-07-30,0.246733596591762,0,test,-0.0360176405942999,0.180262421088461,2026-07-24,2026-08-20,0.245929952133113,0,test
2026-07-24,-0.0402144772117963,0.240172275750595,2026-07-27,2026-07-31,0.246259170185731,0,test,-0.0333962260553205,0.180138830394954,2026-07-27,2026-08-21,0.242410810076664,0,test
2026-07-27,-0.058029689608637,0.296775948099315,2026-07-28,2026-08-03,0.246037631422418,1,test,-0.0151826661521956,0.183513554052017,2026-07-28,2026-08-24,0.240118612463864,0,test
2026-07-28,-0.0560053981106613,0.297166991555046,2026-07-29,2026-08-04,0.245869516998532,1,test,-0.0186212741614408,0.183933070369593,2026-07-29,2026-08-25,0.238155740289972,0,test
2026-07-29,-0.0446549391069014,0.303729977967714,2026-07-30,2026-08-05,0.245160855563433,1,test,-0.00700073337349925,0.186482154826983,2026-07-30,2026-08-26,0.236714631168376,0,test
2026-07-30,0.00559440559440534,0.232581914391699,2026-07-31,2026-08-06,0.24489894344988,0,test,0.0213416029205498,0.146084220327441,2026-07-31,2026-08-27,0.23585526052298,0,test
2026-07-31,0.000698324022346165,0.233682163687848,2026-08-03,2026-08-07,0.24489894344988,0,test,0.0291676931268223,0.149477839051814,2026-08-03,2026-08-28,0.234283576706959,0,test
2026-08-03,0.0243140327780651,0.148878158028735,2026-08-04,2026-08-10,0.245160855563433,0,test,0.0615485414535326,0.120660767272536,2026-08-04,2026-08-31,0.233618411723676,0,test
2026-08-04,0.0308597789317097,0.159963110708168,2026-08-05,2026-08-11,0.245160855563433,0,test,,,2026-08-05,,0.233389789107362,,unlabeled
2026-08-05,0.0184815984912897,0.147242178654095,2026-08-06,2026-08-12,0.245160855563433,0,test,,,2026-08-06,,0.233261114421211,,unlabeled
2026-08-06,-0.000641993285284503,0.0701881650631305,2026-08-07,2026-08-13,0.24489894344988,0,test,,,2026-08-07,,0.233184944154959,,unlabeled
2026-08-07,0.0106685633001422,0.0857823616084461,2026-08-10,2026-08-14,0.244525089395725,0,test,,,2026-08-10,,0.232688049606456,,unlabeled
2026-08-10,0.007127583749109,0.0934619562663852,2026-08-11,2026-08-17,0.243380078092596,0,test,,,2026-08-11,,0.232374792861032,,unlabeled
2026-08-11,0.0091872791519435,0.103437996521307,2026-08-12,2026-08-18,0.242596082911882,0,test,,,2026-08-12,,0.232153065355659,,unlabeled
2026-08-12,0.00921332388377038,0.103402555898129,2026-08-13,2026-08-19,0.242596082911882,0,test,,,2026-08-13,,0.231226894019275,,unlabeled
2026-08-13,0.0028368794326241,0.114759769221967,2026-08-14,2026-08-20,0.242422184201643,0,test,,,2026-08-14,,0.230696358565176,,unlabeled
2026-08-14,-0.00422237860661517,0.100753678027508,2026-08-17,2026-08-21,0.242422184201643,0,test,,,2026-08-17,,0.229238644755206,,unlabeled
2026-08-17,0.0134465675866949,0.125431620836989,2026-08-18,2026-08-24,0.242422184201643,0,test,,,2026-08-18,,0.228371882465928,,unlabeled
2026-08-18,-0.000700280112044919,0.103584075613437,2026-08-19,2026-08-25,0.242422184201643,0,test,,,2026-08-19,,0.227701771097428,,unlabeled
2026-08-19,0.0112359550561796,0.12032509720886,2026-08-20,2026-08-26,0.242422184201643,0,test,,,2026-08-20,,0.227082788082794,,unlabeled
2026-08-20,0.0134370579915134,0.114768757359262,2026-08-21,2026-08-27,0.241953594928876,0,test,,,2026-08-21,,0.226805134692323,,unlabeled
2026-08-21,0.0219081272084805,0.131366763853619,2026-08-24,2026-08-28,0.241953594928876,0,test,,,2026-08-24,,0.22632800210791,,unlabeled
2026-08-24,0.01536312849162,0.107717910870129,2026-08-25,2026-08-31,0.240743019800659,0,test,,,2026-08-25,,0.225451079796023,,unlabeled
2026-08-25,,,2026-08-26,,0.240226852241958,,unlabeled,,,2026-08-26,,0.225180564749203,,unlabeled
2026-08-26,,,2026-08-27,,0.239931541152174,,unlabeled,,,2026-08-27,,0.224600310911954,,unlabeled
2026-08-27,,,2026-08-28,,0.235224446837394,,unlabeled,,,2026-08-28,,0.224279762273064,,unlabeled
2026-08-28,,,2026-08-31,,0.233175611669158,,unlabeled,,,2026-08-31,,0.223885396282866,,unlabeled
2026-08-31,,,,,0.232688126042839,,unlabeled,,,,,0.223596108022833,,unlabeled
